Dataset name,Directed,First split,Num nodes,Num edges,Real average degree,Average degree,Edge cut,Average clustering,Density,Num CC,BCC num nodes,BCC num edges,BCC average path length,BCC diameter,BCC radius,BCC node connectivity,BCC edge connectivity,BCC num greedy modularity communities,Modularity greedy modularity communities,Coverage greedy modularity communities,Execution time,Type split
ogbn-products,False,no-split,1000,121,162.542,0.242,162300,0.016666666666666666,0.00024224224224224223,885,8,8,2.4642857142857144,5,3,1,1,3,0.3984375,0.75,0.3732612133026123,100 ordered iterations
ogbn-products,False,no-split,1000,132,166.854,0.264,166590,0.011333333333333334,0.0002642642642642643,872,7,6,2.4761904761904763,5,3,1,1,3,0.3194444444444444,0.6666666666666666,0.3576521873474121,100 ordered iterations
ogbn-products,False,no-split,1000,151,167.577,0.302,167275,0.011049999999999997,0.0003023023023023023,859,10,12,1.8444444444444446,3,2,1,1,2,0.21875,0.75,0.3919682502746582,100 ordered iterations
ogbn-products,False,no-split,1000,135,168.839,0.27,168569,0.0051,0.0002702702702702703,868,9,9,2.0555555555555554,3,2,1,1,3,0.30864197530864196,0.6666666666666666,0.3810384273529053,100 ordered iterations
ogbn-products,False,no-split,1000,128,163.088,0.256,162832,0.013500000000000002,0.00025625625625625624,878,7,6,1.9047619047619047,3,2,1,1,2,0.2083333333333333,0.8333333333333334,0.34510278701782227,100 ordered iterations
ogbn-products,False,no-split,1000,163,173.452,0.326,173126,0.015666666666666666,0.0003263263263263263,847,9,8,2.5555555555555554,5,3,1,1,3,0.3984375,0.75,0.41727542877197266,100 ordered iterations
ogbn-products,False,no-split,1000,138,170.275,0.276,169999,0.014535714285714285,0.00027627627627627627,870,13,15,2.371794871794872,5,3,1,1,3,0.42444444444444446,0.8,0.4230358600616455,100 ordered iterations
ogbn-products,False,no-split,1000,139,159.519,0.278,159241,0.012666666666666666,0.00027827827827827826,866,5,6,1.4,2,1,1,2,2,0.11111111111111113,0.6666666666666666,0.3399531841278076,100 ordered iterations
ogbn-products,False,no-split,1000,142,168.738,0.284,168454,0.011,0.0002842842842842843,863,7,6,2.380952380952381,5,3,1,1,3,0.3194444444444444,0.6666666666666666,0.3859388828277588,100 ordered iterations
ogbn-products,False,no-split,1000,48,93.891,0.096,93795,0.0,9.60960960960961e-05,952,4,3,1.6666666666666667,3,2,1,1,2,0.16666666666666663,0.6666666666666666,0.18484139442443848,100 ordered iterations
ogbn-products,False,no-split,1000,5,37.378,0.01,37368,0.0,1.001001001001001e-05,995,2,1,1.0,1,1,1,1,1,0.0,1.0,0.07057666778564453,100 ordered iterations
ogbn-products,False,no-split,1000,11,38.676,0.022,38654,0.0,2.2022022022022024e-05,989,3,2,1.3333333333333333,2,1,1,1,1,0.0,1.0,0.07495927810668945,100 ordered iterations
ogbn-products,False,no-split,1000,8,46.719,0.016,46703,0.0,1.6016016016016015e-05,992,2,1,1.0,1,1,1,1,1,0.0,1.0,0.08603453636169434,100 ordered iterations
ogbn-products,False,no-split,1000,7,36.936,0.014,36922,0.0,1.4014014014014014e-05,993,2,1,1.0,1,1,1,1,1,0.0,1.0,0.06999516487121582,100 ordered iterations
ogbn-products,False,no-split,1000,5,37.953,0.01,37943,0.0,1.001001001001001e-05,995,2,1,1.0,1,1,1,1,1,0.0,1.0,0.07227873802185059,100 ordered iterations
ogbn-products,False,no-split,1000,6,35.551,0.012,35539,0.0,1.2012012012012012e-05,994,2,1,1.0,1,1,1,1,1,0.0,1.0,0.0681924819946289,100 ordered iterations
ogbn-products,False,no-split,1000,9,41.43,0.018,41412,0.0,1.801801801801802e-05,991,2,1,1.0,1,1,1,1,1,0.0,1.0,0.08381891250610352,100 ordered iterations
ogbn-products,False,no-split,1000,4,37.214,0.008,37206,0.0,8.008008008008007e-06,996,2,1,1.0,1,1,1,1,1,0.0,1.0,0.07801413536071777,100 ordered iterations
ogbn-products,False,no-split,1000,7,39.47,0.014,39456,0.0,1.4014014014014014e-05,993,2,1,1.0,1,1,1,1,1,0.0,1.0,0.07461357116699219,100 ordered iterations
ogbn-products,False,no-split,1000,7,39.87,0.014,39856,0.0,1.4014014014014014e-05,993,2,1,1.0,1,1,1,1,1,0.0,1.0,0.07515382766723633,100 ordered iterations
ogbn-products,False,no-split,1000,4,40.248,0.008,40240,0.0,8.008008008008007e-06,996,2,1,1.0,1,1,1,1,1,0.0,1.0,0.0753929615020752,100 ordered iterations
ogbn-products,False,no-split,1000,8,40.603,0.016,40587,0.0,1.6016016016016015e-05,993,3,2,1.3333333333333333,2,1,1,1,1,0.0,1.0,0.08022642135620117,100 ordered iterations
ogbn-products,False,no-split,1000,3,39.043,0.006,39037,0.0,6.006006006006006e-06,997,2,1,1.0,1,1,1,1,1,0.0,1.0,0.07370376586914062,100 ordered iterations
ogbn-products,False,no-split,1000,8,39.169,0.016,39153,0.0,1.6016016016016015e-05,992,3,2,1.3333333333333333,2,1,1,1,1,0.0,1.0,0.0800790786743164,100 ordered iterations
ogbn-products,False,no-split,1000,11,38.235,0.022,38213,0.0,2.2022022022022024e-05,989,3,2,1.3333333333333333,2,1,1,1,1,0.0,1.0,0.08162641525268555,100 ordered iterations
ogbn-products,False,no-split,1000,3,38.18,0.006,38174,0.0,6.006006006006006e-06,997,2,1,1.0,1,1,1,1,1,0.0,1.0,13.514403104782104,100 ordered iterations
ogbn-products,False,no-split,1000,6,34.005,0.012,33993,0.0,1.2012012012012012e-05,994,2,1,1.0,1,1,1,1,1,0.0,1.0,0.06586146354675293,100 ordered iterations
ogbn-products,False,no-split,1000,6,37.771,0.012,37759,0.0,1.2012012012012012e-05,994,2,1,1.0,1,1,1,1,1,0.0,1.0,0.07182598114013672,100 ordered iterations
ogbn-products,False,no-split,1000,10,41.939,0.02,41919,0.0,2.002002002002002e-05,990,3,2,1.3333333333333333,2,1,1,1,1,0.0,1.0,0.08072900772094727,100 ordered iterations
ogbn-products,False,no-split,1000,13,38.744,0.026,38718,0.0,2.6026026026026025e-05,987,2,1,1.0,1,1,1,1,1,0.0,1.0,0.07560253143310547,100 ordered iterations
ogbn-products,False,no-split,1000,3,39.402,0.006,39396,0.0,6.006006006006006e-06,997,2,1,1.0,1,1,1,1,1,0.0,1.0,0.07523727416992188,100 ordered iterations
ogbn-products,False,no-split,1000,11,40.911,0.022,40889,0.0,2.2022022022022024e-05,989,2,1,1.0,1,1,1,1,1,0.0,1.0,0.07695794105529785,100 ordered iterations
ogbn-products,False,no-split,1000,3,33.685,0.006,33679,0.0,6.006006006006006e-06,997,2,1,1.0,1,1,1,1,1,0.0,1.0,0.06555771827697754,100 ordered iterations
ogbn-products,False,no-split,1000,5,36.334,0.01,36324,0.0,1.001001001001001e-05,995,2,1,1.0,1,1,1,1,1,0.0,1.0,0.07042574882507324,100 ordered iterations
ogbn-products,False,no-split,1000,8,40.077,0.016,40061,0.0,1.6016016016016015e-05,992,2,1,1.0,1,1,1,1,1,0.0,1.0,0.07644414901733398,100 ordered iterations
ogbn-products,False,no-split,1000,8,36.615,0.016,36599,0.0,1.6016016016016015e-05,992,2,1,1.0,1,1,1,1,1,0.0,1.0,0.07124614715576172,100 ordered iterations
ogbn-products,False,no-split,1000,6,39.032,0.012,39020,0.0,1.2012012012012012e-05,994,2,1,1.0,1,1,1,1,1,0.0,1.0,0.07392430305480957,100 ordered iterations
ogbn-products,False,no-split,1000,6,38.356,0.012,38344,0.0,1.2012012012012012e-05,994,2,1,1.0,1,1,1,1,1,0.0,1.0,0.0725867748260498,100 ordered iterations
ogbn-products,False,no-split,1000,10,42.426,0.02,42406,0.0,2.002002002002002e-05,990,2,1,1.0,1,1,1,1,1,0.0,1.0,0.08083939552307129,100 ordered iterations
ogbn-products,False,no-split,1000,7,40.018,0.014,40004,0.0,1.4014014014014014e-05,993,3,2,1.3333333333333333,2,1,1,1,1,0.0,1.0,0.08006548881530762,100 ordered iterations
ogbn-products,False,no-split,1000,7,42.016,0.014,42002,0.0,1.4014014014014014e-05,994,3,2,1.3333333333333333,2,1,1,1,1,0.0,1.0,0.09137868881225586,100 ordered iterations
ogbn-products,False,no-split,1000,5,39.143,0.01,39133,0.0,1.001001001001001e-05,996,2,1,1.0,1,1,1,1,1,0.0,1.0,0.07567191123962402,100 ordered iterations
ogbn-products,False,no-split,1000,3,38.932,0.006,38926,0.0,6.006006006006006e-06,997,2,1,1.0,1,1,1,1,1,0.0,1.0,0.0758814811706543,100 ordered iterations
ogbn-products,False,no-split,1000,5,39.022,0.01,39012,0.0,1.001001001001001e-05,995,2,1,1.0,1,1,1,1,1,0.0,1.0,0.07381367683410645,100 ordered iterations
ogbn-products,False,no-split,1000,5,36.372,0.01,36362,0.0,1.001001001001001e-05,995,2,1,1.0,1,1,1,1,1,0.0,1.0,0.0701289176940918,100 ordered iterations
ogbn-products,False,no-split,1000,6,39.475,0.012,39463,0.0,1.2012012012012012e-05,994,2,1,1.0,1,1,1,1,1,0.0,1.0,0.07571029663085938,100 ordered iterations
ogbn-products,False,no-split,1000,5,40.396,0.01,40386,0.0,1.001001001001001e-05,995,2,1,1.0,1,1,1,1,1,0.0,1.0,0.07739877700805664,100 ordered iterations
ogbn-products,False,no-split,1000,5,38.239,0.01,38229,0.0,1.001001001001001e-05,995,2,1,1.0,1,1,1,1,1,0.0,1.0,0.07359671592712402,100 ordered iterations
ogbn-products,False,no-split,1000,4,37.724,0.008,37716,0.0,8.008008008008007e-06,996,2,1,1.0,1,1,1,1,1,0.0,1.0,0.07489442825317383,100 ordered iterations
ogbn-products,False,no-split,1000,8,36.328,0.016,36312,0.0,1.6016016016016015e-05,992,2,1,1.0,1,1,1,1,1,0.0,1.0,0.07244443893432617,100 ordered iterations
ogbn-products,False,no-split,1000,5,39.719,0.01,39709,0.0,1.001001001001001e-05,995,2,1,1.0,1,1,1,1,1,0.0,1.0,0.07586026191711426,100 ordered iterations
ogbn-products,False,no-split,1000,9,40.149,0.018,40131,0.0,1.801801801801802e-05,992,3,2,1.3333333333333333,2,1,1,1,1,0.0,1.0,0.08936691284179688,100 ordered iterations
ogbn-products,False,no-split,1000,9,38.408,0.018,38390,0.0,1.801801801801802e-05,991,2,1,1.0,1,1,1,1,1,0.0,1.0,0.07446575164794922,100 ordered iterations
ogbn-products,False,no-split,1000,4,37.534,0.008,37526,0.0,8.008008008008007e-06,996,2,1,1.0,1,1,1,1,1,0.0,1.0,0.07253789901733398,100 ordered iterations
ogbn-products,False,no-split,1000,8,43.022,0.016,43006,0.0,1.6016016016016015e-05,992,3,2,1.3333333333333333,2,1,1,1,1,0.0,1.0,0.08207201957702637,100 ordered iterations
ogbn-products,False,no-split,1000,4,37.284,0.008,37276,0.0,8.008008008008007e-06,996,2,1,1.0,1,1,1,1,1,0.0,1.0,0.07268834114074707,100 ordered iterations
ogbn-products,False,no-split,1000,9,39.565,0.018,39547,0.0,1.801801801801802e-05,991,3,2,1.3333333333333333,2,1,1,1,1,0.0,1.0,0.08025670051574707,100 ordered iterations
ogbn-products,False,no-split,1000,7,37.779,0.014,37765,0.0,1.4014014014014014e-05,993,3,2,1.3333333333333333,2,1,1,1,1,0.0,1.0,0.0795888900756836,100 ordered iterations
ogbn-products,False,no-split,1000,8,43.892,0.016,43876,0.0,1.6016016016016015e-05,992,3,2,1.3333333333333333,2,1,1,1,1,0.0,1.0,0.08761739730834961,100 ordered iterations
ogbn-products,False,no-split,1000,8,39.77,0.016,39754,0.0,1.6016016016016015e-05,992,2,1,1.0,1,1,1,1,1,0.0,1.0,0.07726311683654785,100 ordered iterations
ogbn-products,False,no-split,1000,6,37.849,0.012,37837,0.0,1.2012012012012012e-05,994,2,1,1.0,1,1,1,1,1,0.0,1.0,0.07387447357177734,100 ordered iterations
ogbn-products,False,no-split,1000,6,39.12,0.012,39108,0.0,1.2012012012012012e-05,994,3,2,1.3333333333333333,2,1,1,1,1,0.0,1.0,0.0771019458770752,100 ordered iterations
ogbn-products,False,no-split,1000,7,41.458,0.014,41444,0.0,1.4014014014014014e-05,993,4,3,1.6666666666666667,3,2,1,1,2,0.16666666666666663,0.6666666666666666,0.08954906463623047,100 ordered iterations
ogbn-products,False,no-split,1000,3,39.723,0.006,39717,0.0,6.006006006006006e-06,997,3,2,1.3333333333333333,2,1,1,1,1,0.0,1.0,0.07927393913269043,100 ordered iterations
ogbn-products,False,no-split,1000,5,34.16,0.01,34150,0.0,1.001001001001001e-05,995,2,1,1.0,1,1,1,1,1,0.0,1.0,0.0687716007232666,100 ordered iterations
ogbn-products,False,no-split,1000,10,36.824,0.02,36804,0.0,2.002002002002002e-05,990,4,3,1.6666666666666667,3,2,1,1,2,0.16666666666666663,0.6666666666666666,0.07678341865539551,100 ordered iterations
ogbn-products,False,no-split,1000,7,41.274,0.014,41260,0.0,1.4014014014014014e-05,993,2,1,1.0,1,1,1,1,1,0.0,1.0,0.08272719383239746,100 ordered iterations
ogbn-products,False,no-split,1000,9,45.553,0.018,45535,0.0,1.801801801801802e-05,991,2,1,1.0,1,1,1,1,1,0.0,1.0,0.08855104446411133,100 ordered iterations
ogbn-products,False,no-split,1000,6,36.536,0.012,36524,0.0,1.2012012012012012e-05,994,2,1,1.0,1,1,1,1,1,0.0,1.0,0.07258987426757812,100 ordered iterations
ogbn-products,False,no-split,1000,8,38.744,0.016,38728,0.0,1.6016016016016015e-05,992,3,2,1.3333333333333333,2,1,1,1,1,0.0,1.0,0.07747197151184082,100 ordered iterations
ogbn-products,False,no-split,1000,7,35.598,0.014,35584,0.0,1.4014014014014014e-05,994,2,1,1.0,1,1,1,1,1,0.0,1.0,0.07213997840881348,100 ordered iterations
ogbn-products,False,no-split,1000,8,40.178,0.016,40162,0.0,1.6016016016016015e-05,992,2,1,1.0,1,1,1,1,1,0.0,1.0,0.07893753051757812,100 ordered iterations
ogbn-products,False,no-split,1000,9,40.995,0.018,40977,0.0,1.801801801801802e-05,991,2,1,1.0,1,1,1,1,1,0.0,1.0,0.08028697967529297,100 ordered iterations
ogbn-products,False,no-split,1000,5,38.273,0.01,38263,0.0,1.001001001001001e-05,995,2,1,1.0,1,1,1,1,1,0.0,1.0,0.07533478736877441,100 ordered iterations
ogbn-products,False,no-split,1000,7,39.459,0.014,39445,0.0,1.4014014014014014e-05,993,2,1,1.0,1,1,1,1,1,0.0,1.0,0.07779312133789062,100 ordered iterations
ogbn-products,False,no-split,1000,5,40.004,0.01,39994,0.0,1.001001001001001e-05,995,2,1,1.0,1,1,1,1,1,0.0,1.0,0.07773399353027344,100 ordered iterations
ogbn-products,False,no-split,1000,8,38.948,0.016,38932,0.0,1.6016016016016015e-05,992,2,1,1.0,1,1,1,1,1,0.0,1.0,0.07790637016296387,100 ordered iterations
ogbn-products,False,no-split,1000,5,37.794,0.01,37784,0.0,1.001001001001001e-05,995,2,1,1.0,1,1,1,1,1,0.0,1.0,0.07532453536987305,100 ordered iterations
ogbn-products,False,no-split,1000,4,35.966,0.008,35958,0.0,8.008008008008007e-06,996,2,1,1.0,1,1,1,1,1,0.0,1.0,0.07135319709777832,100 ordered iterations
ogbn-products,False,no-split,1000,8,45.048,0.016,45032,0.0,1.6016016016016015e-05,992,3,2,1.3333333333333333,2,1,1,1,1,0.0,1.0,0.09108400344848633,100 ordered iterations
ogbn-products,False,no-split,1000,5,39.861,0.01,39851,0.0,1.001001001001001e-05,995,2,1,1.0,1,1,1,1,1,0.0,1.0,0.0779876708984375,100 ordered iterations
ogbn-products,False,no-split,1000,3,37.638,0.006,37632,0.0,6.006006006006006e-06,997,2,1,1.0,1,1,1,1,1,0.0,1.0,0.07414865493774414,100 ordered iterations
ogbn-products,False,no-split,1000,10,37.419,0.02,37399,0.0,2.002002002002002e-05,990,2,1,1.0,1,1,1,1,1,0.0,1.0,0.07369136810302734,100 ordered iterations
ogbn-products,False,no-split,1000,6,40.037,0.012,40025,0.0,1.2012012012012012e-05,994,2,1,1.0,1,1,1,1,1,0.0,1.0,0.07854032516479492,100 ordered iterations
ogbn-products,False,no-split,1000,8,40.153,0.016,40137,0.0,1.6016016016016015e-05,992,2,1,1.0,1,1,1,1,1,0.0,1.0,0.0787956714630127,100 ordered iterations
ogbn-products,False,no-split,1000,13,41.179,0.026,41153,0.0,2.6026026026026025e-05,987,2,1,1.0,1,1,1,1,1,0.0,1.0,0.0807042121887207,100 ordered iterations
ogbn-products,False,no-split,1000,6,39.041,0.012,39029,0.0,1.2012012012012012e-05,994,2,1,1.0,1,1,1,1,1,0.0,1.0,0.0774533748626709,100 ordered iterations
ogbn-products,False,no-split,1000,9,41.773,0.018,41755,0.0,1.801801801801802e-05,991,3,2,1.3333333333333333,2,1,1,1,1,0.0,1.0,0.08651304244995117,100 ordered iterations
ogbn-products,False,no-split,1000,10,38.789,0.02,38769,0.0,2.002002002002002e-05,990,3,2,1.3333333333333333,2,1,1,1,1,0.0,1.0,0.08113813400268555,100 ordered iterations
ogbn-products,False,no-split,1000,9,38.469,0.018,38451,0.0,1.801801801801802e-05,991,2,1,1.0,1,1,1,1,1,0.0,1.0,0.07751297950744629,100 ordered iterations
ogbn-products,False,no-split,1000,4,38.688,0.008,38680,0.0,8.008008008008007e-06,996,2,1,1.0,1,1,1,1,1,0.0,1.0,0.07677102088928223,100 ordered iterations
ogbn-products,False,no-split,1000,7,37.009,0.014,36995,0.0,1.4014014014014014e-05,993,2,1,1.0,1,1,1,1,1,0.0,1.0,0.07390928268432617,100 ordered iterations
ogbn-products,False,no-split,1000,9,36.986,0.018,36968,0.0,1.801801801801802e-05,991,3,2,1.3333333333333333,2,1,1,1,1,0.0,1.0,0.07410430908203125,100 ordered iterations
ogbn-products,False,no-split,1000,8,38.651,0.016,38635,0.0,1.6016016016016015e-05,992,2,1,1.0,1,1,1,1,1,0.0,1.0,0.07676815986633301,100 ordered iterations
ogbn-products,False,no-split,1000,7,40.367,0.014,40353,0.0,1.4014014014014014e-05,993,3,2,1.3333333333333333,2,1,1,1,1,0.0,1.0,0.09123802185058594,100 ordered iterations
ogbn-products,False,no-split,1000,5,37.544,0.01,37534,0.0,1.001001001001001e-05,995,2,1,1.0,1,1,1,1,1,0.0,1.0,0.07450413703918457,100 ordered iterations
ogbn-products,False,no-split,1000,7,36.941,0.014,36927,0.0,1.4014014014014014e-05,993,2,1,1.0,1,1,1,1,1,0.0,1.0,0.07331967353820801,100 ordered iterations
ogbn-products*,False,no-split,1000,0,38.72,0.0,38720,0.0,0,1000,1,0,0,0,0,0,0,0,0,0,0.07595586776733398,100 ordered iterations
ogbn-products,False,no-split,1000,12,40.365,0.024,40341,0.003,2.4024024024024024e-05,989,3,3,1.0,1,1,2,2,1,0.0,1.0,0.08286619186401367,100 ordered iterations
ogbn-products,False,no-split,1000,5,35.527,0.01,35517,0.0,1.001001001001001e-05,995,2,1,1.0,1,1,1,1,1,0.0,1.0,0.07145810127258301,100 ordered iterations
ogbn-products,False,no-split,1000,10,43.152,0.02,43132,0.0,2.002002002002002e-05,990,3,2,1.3333333333333333,2,1,1,1,1,0.0,1.0,0.08709144592285156,100 ordered iterations
ogbn-products,False,no-split,1000,4,37.898,0.008,37890,0.0,8.008008008008007e-06,996,2,1,1.0,1,1,1,1,1,0.0,1.0,0.07538032531738281,100 ordered iterations
ogbn-products,False,no-split,1000,7,40.853,0.014,40839,0.0,1.4014014014014014e-05,993,2,1,1.0,1,1,1,1,1,0.0,1.0,0.08095836639404297,100 ordered iterations
ogbn-products,False,no-split,5000,3504,169.7606,1.4016,841795,0.09864637514544765,0.000280376075215043,2204,1635,2129,19.351907291163688,55,28,1,1,40,0.9220910061043879,0.9628933771723814,539.6802651882172,50 ordered iterations
ogbn-products,False,no-split,5000,3588,169.9754,1.4352,842701,0.10704938296513997,0.0002870974194838968,2227,1600,2193,21.038911819887428,60,30,1,1,42,0.9325337490323332,0.9662562699498404,506.20693707466125,50 ordered iterations
ogbn-products,False,no-split,5000,3521,171.8364,1.4084,852140,0.10602733274806742,0.0002817363472694539,2271,1650,2264,18.10845507837624,48,24,1,1,39,0.9344895795614877,0.9695229681978799,588.0910263061523,50 ordered iterations
ogbn-products,False,no-split,5000,3589,174.7402,1.4356,866523,0.10175419340778456,0.0002871774354870974,2188,1888,2529,15.6372509723083,49,25,1,1,42,0.9222574482386289,0.9545274812178727,807.111428976059,50 ordered iterations
ogbn-products,False,no-split,5000,3576,174.04,1.4304,863048,0.10830281627728991,0.0002861372274454891,2169,1704,2250,15.405529871339999,45,23,1,1,44,0.9227921975308642,0.9542222222222222,646.5734026432037,50 ordered iterations
ogbn-products,False,no-split,5000,1014,92.3904,0.4056,459924,0.024683809523809507,8.113622724544909e-05,4055,18,18,4.470588235294118,10,5,1,1,5,0.5725308641975307,0.7777777777777778,1.0246086120605469,50 ordered iterations
ogbn-products,False,no-split,5000,128,38.0638,0.0512,190063,0.0006,1.0242048409681936e-05,4873,4,3,1.5,2,1,1,1,1,0.0,1.0,0.39882469177246094,50 ordered iterations
ogbn-products,False,no-split,5000,163,39.2158,0.0652,195753,0.0012,1.3042608521704341e-05,4839,9,8,2.2222222222222223,4,2,1,1,3,0.3671875,0.75,0.44152355194091797,50 ordered iterations
ogbn-products,False,no-split,5000,145,38.6188,0.058,192804,0.0018,1.1602320464092818e-05,4861,7,8,2.0,4,2,1,1,2,0.25,0.75,0.41797947883605957,50 ordered iterations
ogbn-products,False,no-split,5000,169,38.975,0.0676,194537,0.0023333333333333335,1.3522704540908182e-05,4836,4,5,1.1666666666666667,2,1,2,2,1,0.0,1.0,0.4062376022338867,50 ordered iterations
ogbn-products,False,no-split,5000,177,39.0436,0.0708,194864,0.0016666666666666668,1.4162832566513303e-05,4826,6,5,1.6666666666666667,2,1,1,1,1,0.0,1.0,0.4150550365447998,50 ordered iterations
ogbn-products,False,no-split,5000,164,38.6416,0.0656,192880,0.0010666666666666667,1.3122624524904982e-05,4838,5,4,1.6,2,1,1,1,1,0.0,1.0,0.42258358001708984,50 ordered iterations
ogbn-products,False,no-split,5000,180,40.477,0.072,202025,0.0021541397849462363,1.4402880576115223e-05,4825,33,34,1.9356060606060606,2,1,1,1,3,0.09688581314878883,0.8823529411764706,0.7652044296264648,50 ordered iterations
ogbn-products,False,no-split,5000,162,37.6236,0.0648,187794,0.0010333333333333332,1.29625925185037e-05,4840,5,5,1.5,2,1,1,1,2,0.08000000000000004,0.6,0.40531420707702637,50 ordered iterations
ogbn-products,False,no-split,5000,163,40.2984,0.0652,201166,0.0024,1.3042608521704341e-05,4841,4,3,1.5,2,1,1,1,1,0.0,1.0,0.4352841377258301,50 ordered iterations
ogbn-products,False,no-split,5000,157,40.7344,0.0628,203358,0.0015,1.25625125025005e-05,4846,7,6,2.0,3,2,1,1,2,0.3194444444444445,0.8333333333333334,0.45177602767944336,50 ordered iterations
ogbn-products,False,no-split,5000,160,39.2136,0.064,195748,0.0012,1.280256051210242e-05,4843,5,4,1.6,2,1,1,1,1,0.0,1.0,0.41958141326904297,50 ordered iterations
ogbn-products,False,no-split,5000,155,38.2624,0.062,191002,0.0004666666666666667,1.240248049609922e-05,4846,5,4,1.6,2,1,1,1,1,0.0,1.0,0.4171140193939209,50 ordered iterations
ogbn-products,False,no-split,5000,143,38.7114,0.0572,193271,0.0,1.1442288457691539e-05,4857,5,4,1.6,2,1,1,1,1,0.0,1.0,13.853893280029297,50 ordered iterations
ogbn-products,False,no-split,5000,168,39.5364,0.0672,197346,0.0004666666666666666,1.3442688537707541e-05,4833,12,11,2.106060606060606,4,2,1,1,3,0.25206611570247933,0.8181818181818182,0.48406076431274414,50 ordered iterations
ogbn-products,False,no-split,5000,168,39.1038,0.0672,195183,0.0012,1.3442688537707541e-05,4834,10,9,1.8,2,1,1,1,1,0.0,1.0,0.4496140480041504,50 ordered iterations
ogbn-products,False,no-split,5000,167,39.5802,0.0668,197567,0.0016666666666666663,1.33626725345069e-05,4837,19,18,2.257309941520468,5,3,1,1,3,0.257716049382716,0.8888888888888888,0.5762951374053955,50 ordered iterations
ogbn-products,False,no-split,5000,150,37.9938,0.06,189669,0.0010666666666666665,1.2002400480096018e-05,4853,4,3,1.5,2,1,1,1,1,0.0,1.0,0.41359639167785645,50 ordered iterations
ogbn-products,False,no-split,5000,142,38.2042,0.0568,190737,0.0012,1.1362272454490898e-05,4860,6,5,1.9333333333333333,3,2,1,1,2,0.30000000000000004,0.8,0.4236876964569092,50 ordered iterations
ogbn-products,False,no-split,5000,140,38.678,0.056,193110,0.0006,1.1202240448089618e-05,4861,15,14,1.980952380952381,3,2,1,1,2,0.11989795918367349,0.9285714285714286,0.5304453372955322,50 ordered iterations
ogbn-products,False,no-split,5000,155,38.9902,0.062,194641,0.0,1.240248049609922e-05,4845,6,5,2.066666666666667,4,2,1,1,3,0.26,0.6,0.42963290214538574,50 ordered iterations
ogbn-products,False,no-split,5000,155,39.6362,0.062,197871,0.0008,1.240248049609922e-05,4847,5,4,1.8,3,2,1,1,2,0.21875,0.75,0.4366133213043213,50 ordered iterations
ogbn-products,False,no-split,5000,162,39.3002,0.0648,196177,0.0010036363636363637,1.29625925185037e-05,4840,12,12,1.8181818181818181,2,1,1,1,2,0.11111111111111113,0.8333333333333334,0.520758867263794,50 ordered iterations
ogbn-products,False,no-split,5000,148,39.54,0.0592,197404,0.0,1.1842368473694739e-05,4852,5,4,1.6,2,1,1,1,1,0.0,1.0,0.4391205310821533,50 ordered iterations
ogbn-products,False,no-split,5000,153,38.5794,0.0612,192591,0.0024,1.2242448489697939e-05,4852,4,3,1.5,2,1,1,1,1,0.0,1.0,0.42496204376220703,50 ordered iterations
ogbn-products,False,no-split,5000,163,40.4878,0.0652,202113,0.0010133333333333335,1.3042608521704341e-05,4840,10,11,2.1777777777777776,4,2,1,1,3,0.3347107438016529,0.7272727272727273,0.4932115077972412,50 ordered iterations
ogbn-products,False,no-split,5000,160,37.9952,0.064,189656,0.0006,1.280256051210242e-05,4841,5,4,1.6,2,1,1,1,1,0.0,1.0,0.42946290969848633,50 ordered iterations
ogbn-products,False,no-split,5000,174,40.343,0.0696,201367,0.0011333333333333332,1.3922784556911382e-05,4830,6,5,1.6666666666666667,2,1,1,1,1,0.0,1.0,13.89379620552063,50 ordered iterations
ogbn-products,False,no-split,5000,163,39.5938,0.0652,197643,0.0011333333333333332,1.3042608521704341e-05,4841,6,7,1.6,3,2,1,1,2,0.07142857142857145,0.5714285714285714,0.4564516544342041,50 ordered iterations
ogbn-products,False,no-split,5000,128,37.8288,0.0512,188888,0.0009333333333333334,1.0242048409681936e-05,4875,7,6,1.7142857142857142,2,1,1,1,1,0.0,1.0,0.47380828857421875,50 ordered iterations
ogbn-products,False,no-split,5000,207,41.0926,0.0828,205049,0.002050588235294118,1.6563312662532506e-05,4799,23,25,2.217391304347826,4,2,1,1,8,0.296,0.6,0.7035379409790039,50 ordered iterations
ogbn-products,False,no-split,5000,166,38.4726,0.0664,192031,0.0006,1.3282656531306262e-05,4835,5,4,1.6,2,1,1,1,1,0.0,1.0,0.43918681144714355,50 ordered iterations
ogbn-products,False,no-split,5000,125,37.1942,0.05,185721,0.0018,1.0002000400080016e-05,4879,5,4,1.8,3,2,1,1,2,0.21875,0.75,0.4226522445678711,50 ordered iterations
ogbn-products,False,no-split,5000,147,38.7878,0.0588,193645,0.0009333333333333332,1.1762352470494098e-05,4855,4,4,1.3333333333333333,2,1,1,1,2,0.0,0.5,0.44147324562072754,50 ordered iterations
ogbn-products,False,no-split,5000,164,39.0978,0.0656,195161,0.0010866666666666668,1.3122624524904982e-05,4840,14,16,2.4725274725274726,4,2,1,1,3,0.3984375,0.75,0.5168056488037109,50 ordered iterations
ogbn-products,False,no-split,5000,172,40.4374,0.0688,201843,0.0010666666666666665,1.3762752550510103e-05,4830,9,8,2.0555555555555554,3,2,1,1,2,0.3046875,0.875,0.485339879989624,50 ordered iterations
ogbn-products,False,no-split,5000,147,37.9806,0.0588,189609,0.0004666666666666667,1.1762352470494098e-05,4854,4,3,1.5,2,1,1,1,1,0.0,1.0,0.43666982650756836,50 ordered iterations
ogbn-products,False,no-split,5000,160,39.106,0.064,195210,0.00238,1.280256051210242e-05,4845,14,15,3.087912087912088,6,3,1,1,3,0.5177777777777778,0.8666666666666667,0.4888279438018799,50 ordered iterations
ogbn-products,False,no-split,5000,157,38.4624,0.0628,191998,0.0028666666666666667,1.25625125025005e-05,4848,6,5,1.6666666666666667,2,1,1,1,1,0.0,1.0,0.46570515632629395,50 ordered iterations
ogbn-products,False,no-split,5000,136,37.49,0.0544,187178,0.0021333333333333334,1.0882176435287057e-05,4868,5,4,1.8,3,2,1,1,2,0.21875,0.75,0.43805575370788574,50 ordered iterations
ogbn-products,False,no-split,5000,180,38.1364,0.072,190322,0.0003,1.4402880576115223e-05,4822,18,17,2.8366013071895426,6,3,1,1,4,0.4740484429065744,0.8235294117647058,0.518240213394165,50 ordered iterations
ogbn-products,False,no-split,5000,173,39.9316,0.0692,199312,0.0010666666666666665,1.3842768553710742e-05,4831,12,11,2.212121212121212,4,2,1,1,3,0.3429752066115702,0.8181818181818182,0.5244357585906982,50 ordered iterations
ogbn-products,False,no-split,5000,186,40.2822,0.0744,201039,0.0015999999999999999,1.4882976595319064e-05,4818,6,7,1.6,3,2,1,1,2,0.07142857142857145,0.5714285714285714,0.48351573944091797,50 ordered iterations
ogbn-products,False,no-split,5000,158,40.9324,0.0632,204346,0.0013666666666666664,1.2642528505701141e-05,4846,12,12,2.1818181818181817,4,2,1,1,3,0.32986111111111116,0.75,13.996662378311157,50 ordered iterations
ogbn-products,False,no-split,5000,178,39.4198,0.0712,196743,0.0021,1.4242848569713943e-05,4826,9,8,2.111111111111111,4,2,1,1,3,0.2890625,0.75,0.4757726192474365,50 ordered iterations
ogbn-products,False,no-split,5000,181,39.8642,0.0724,198959,0.00126,1.4482896579315864e-05,4824,6,8,1.4666666666666666,2,1,1,1,2,0.1171875,0.625,0.47412538528442383,50 ordered iterations
ogbn-products,False,no-split,5000,147,38.5998,0.0588,192705,0.0028666666666666667,1.1762352470494098e-05,4858,5,4,1.8,3,2,1,1,2,0.21875,0.75,0.46249938011169434,50 ordered iterations
ogbn-products,False,no-split,5000,157,38.9046,0.0628,194209,0.0012666666666666666,1.25625125025005e-05,4846,10,9,1.8,2,1,1,1,1,0.0,1.0,0.47956061363220215,50 ordered iterations
ogbn-products,False,no-split,5000,149,38.2206,0.0596,190805,0.0006,1.192238447689538e-05,4852,4,3,1.5,2,1,1,1,1,0.0,1.0,0.4487128257751465,50 ordered iterations
ogbn-products,False,no-split,5000,188,40.9306,0.0752,204277,0.0004666666666666666,1.5043008601720344e-05,4814,18,18,2.5947712418300655,5,3,1,1,3,0.3966049382716049,0.8333333333333334,0.5597238540649414,50 ordered iterations
ogbn-products,False,no-split,7500,7914,172.89346666666665,2.1104,1280873,0.15454396765382858,0.0002814241898919856,2259,4325,6812,13.363403720596963,36,20,1,1,52,0.9208374831779366,0.9543452730475631,3722.5664422512054,25 ordered iterations
ogbn-products,False,no-split,7500,7796,170.1252,2.0789333333333335,1260347,0.15676633976948418,0.00027722807485442504,2315,4257,6658,13.490478199551028,37,20,1,1,59,0.9257454674555445,0.9558425953739862,3647.5519528388977,25 ordered iterations
ogbn-products,False,no-split,7500,3262,107.4728,0.8698666666666667,799522,0.061368127912955456,0.00011599768858069966,4629,118,138,9.126756482688686,24,12,1,1,10,0.8212297836588953,0.9347826086956522,3.6126041412353516,25 ordered iterations
ogbn-products,False,no-split,7500,344,38.48133333333333,0.09173333333333333,287922,0.0021333333333333334,1.2232742143396897e-05,7162,5,4,1.6,2,1,1,1,1,0.0,1.0,0.6212468147277832,25 ordered iterations
ogbn-products,False,no-split,7500,338,39.54213333333333,0.09013333333333333,295890,0.0020467836257309943,1.2019380361826021e-05,7169,23,25,2.205533596837945,5,3,1,1,4,0.3064,0.76,0.775846004486084,25 ordered iterations
ogbn-products,False,no-split,7500,346,38.111333333333334,0.09226666666666666,285143,0.0015111111111111113,1.2303862737253856e-05,7158,7,6,2.0952380952380953,4,2,1,1,3,0.29166666666666663,0.6666666666666666,0.6299107074737549,25 ordered iterations
ogbn-products,False,no-split,7500,368,38.74293333333333,0.09813333333333334,289836,0.002191111111111111,1.3086189269680401e-05,7138,8,7,2.2142857142857144,4,2,1,1,2,0.3163265306122449,0.8571428571428571,0.659127950668335,25 ordered iterations
ogbn-products,False,no-split,7500,336,38.67373333333333,0.0896,289381,0.0015158730158730156,1.1948259767969062e-05,7170,10,10,1.9333333333333333,3,2,1,1,3,0.21500000000000002,0.7,0.6654138565063477,25 ordered iterations
ogbn-products,False,no-split,7500,361,39.068533333333335,0.09626666666666667,292292,0.0031333333333333335,1.2837267191181047e-05,7148,7,6,1.7142857142857142,2,1,1,1,1,0.0,1.0,0.648902416229248,25 ordered iterations
ogbn-products,False,no-split,7500,362,38.39373333333333,0.09653333333333333,287229,0.0015244444444444444,1.2872827488109526e-05,7146,12,11,2.6666666666666665,5,3,1,1,4,0.42148760330578516,0.7272727272727273,0.6778233051300049,25 ordered iterations
ogbn-products,False,no-split,7500,352,37.7424,0.09386666666666667,282364,0.002288888888888889,1.2517224518824733e-05,7157,9,8,1.7777777777777777,2,1,1,1,1,0.0,1.0,0.6560721397399902,25 ordered iterations
ogbn-products,False,no-split,7500,352,37.87453333333333,0.09386666666666667,283355,0.0020444444444444442,1.2517224518824733e-05,7154,7,6,2.6666666666666665,6,3,1,1,3,0.3194444444444444,0.6666666666666666,14.126838684082031,25 ordered iterations
ogbn-products,False,no-split,7500,330,39.1056,0.088,292632,0.001191111111111111,1.1734897986398187e-05,7174,8,8,2.0357142857142856,4,2,1,1,3,0.2578125,0.625,0.6862962245941162,25 ordered iterations
ogbn-products,False,no-split,7500,314,37.63173333333334,0.08373333333333334,281610,0.003041904761904762,1.1165933235542517e-05,7197,10,10,2.0444444444444443,3,2,1,1,3,0.29500000000000004,0.7,0.6682381629943848,25 ordered iterations
ogbn-products,False,no-split,7500,333,37.242666666666665,0.0888,278654,0.001271111111111111,1.1841578877183624e-05,7171,20,19,2.5052631578947366,4,2,1,1,4,0.46260387811634346,0.8421052631578947,0.7063045501708984,25 ordered iterations
ogbn-products,False,no-split,7500,401,39.6776,0.10693333333333334,296780,0.002420606060606061,1.425967906832022e-05,7112,18,20,2.4313725490196076,5,3,1,1,3,0.42000000000000004,0.8,0.8047854900360107,25 ordered iterations
ogbn-products,False,no-split,7500,352,38.18293333333333,0.09386666666666667,285668,0.002311111111111111,1.2517224518824733e-05,7157,7,6,1.9047619047619047,3,2,1,1,2,0.2083333333333333,0.8333333333333334,0.6677646636962891,25 ordered iterations
ogbn-products,False,no-split,7500,335,38.55826666666667,0.08933333333333333,288517,0.0022222222222222222,1.1912699471040583e-05,7171,10,9,2.8222222222222224,5,3,1,1,3,0.4259259259259259,0.7777777777777778,0.6936585903167725,25 ordered iterations
ogbn-products,False,no-split,7500,359,38.785066666666665,0.09573333333333334,290170,0.0019051851851851853,1.2766146597324088e-05,7150,19,22,2.526315789473684,4,2,1,1,4,0.4121900826446281,0.6818181818181818,0.7776110172271729,25 ordered iterations
ogbn-products,False,no-split,7500,359,39.726533333333336,0.09573333333333334,297231,0.001822222222222222,1.2766146597324088e-05,7146,17,16,3.176470588235294,7,4,1,1,4,0.517578125,0.8125,0.7757723331451416,25 ordered iterations
ogbn-products,False,no-split,7500,381,40.45973333333333,0.1016,302686,0.0034577777777777775,1.3548473129750633e-05,7133,10,9,2.6222222222222222,5,3,1,1,3,0.4259259259259259,0.7777777777777778,0.7431912422180176,25 ordered iterations
ogbn-products,False,no-split,7500,369,39.4824,0.0984,295380,0.0012,1.312174956660888e-05,7134,11,10,2.2545454545454544,4,2,1,1,4,0.33000000000000007,0.7,14.239028692245483,25 ordered iterations
ogbn-products,False,no-split,7500,338,38.19906666666667,0.09013333333333333,285817,0.0031022222222222224,1.2019380361826021e-05,7174,13,16,2.948717948717949,7,4,1,1,3,0.400390625,0.75,0.7135426998138428,25 ordered iterations
ogbn-products,False,no-split,7500,368,39.0052,0.09813333333333334,291803,0.0017333333333333335,1.3086189269680401e-05,7139,15,14,3.0476190476190474,5,3,1,1,3,0.4668367346938776,0.8571428571428571,0.7489879131317139,25 ordered iterations
ogbn-products,False,no-split,7500,355,39.012933333333336,0.09466666666666666,291887,0.001422222222222222,1.262390540961017e-05,7150,13,12,1.8461538461538463,2,1,1,1,1,0.0,1.0,0.7352118492126465,25 ordered iterations
ogbn-products,False,no-split,7500,327,38.424533333333336,0.0872,287530,0.003066666666666667,1.1628217095612748e-05,7184,8,7,2.0357142857142856,3,2,1,1,2,0.3163265306122449,0.8571428571428571,0.6986114978790283,25 ordered iterations
ogbn-products,False,no-split,10000,975,49.5601,0.195,493651,0.004874761904761905,1.95019501950195e-05,9051,28,28,2.433862433862434,5,3,1,1,6,0.3431122448979592,0.7857142857142857,1.383101224899292,20 random iterations
ogbn-products,False,no-split,10000,1110,50.9647,0.222,507427,0.00760623973727422,2.2202220222022203e-05,8943,48,57,3.00177304964539,8,4,1,1,8,0.48753462603878117,0.7368421052631579,1.6450574398040771,20 random iterations
ogbn-products,False,no-split,10000,1047,49.9863,0.2094,497769,0.009079514695830487,2.0942094209420942e-05,9004,35,40,3.0504201680672267,7,4,1,1,6,0.495,0.725,14.62237811088562,20 random iterations
ogbn-products,False,no-split,10000,1086,52.4073,0.2172,521901,0.006893609379235567,2.172217221722172e-05,8953,55,58,3.1932659932659933,7,4,1,1,11,0.5478596908442331,0.7931034482758621,1.9451391696929932,20 random iterations
ogbn-products,False,no-split,10000,1019,50.2099,0.2038,500061,0.008897142857142857,2.0382038203820382e-05,9036,18,19,3.2483660130718954,6,3,1,1,3,0.5415512465373961,0.8947368421052632,1.246384620666504,20 random iterations
ogbn-products,False,no-split,10000,1014,50.4732,0.2028,502704,0.007939939309056955,2.028202820282028e-05,9029,26,26,2.3815384615384616,4,2,1,1,5,0.3994082840236687,0.8076923076923077,1.34629487991333,20 random iterations
ogbn-products,False,no-split,10000,1002,48.8142,0.2004,486138,0.007189437229437232,2.0042004200420043e-05,9033,17,17,2.3823529411764706,4,2,1,1,6,0.3633217993079585,0.6470588235294118,1.2027137279510498,20 random iterations
ogbn-products,False,no-split,10000,1095,50.6491,0.219,504301,0.007867592407592406,2.19021902190219e-05,8949,25,26,2.7533333333333334,5,3,1,1,6,0.48372781065088755,0.7692307692307693,1.3310444355010986,20 random iterations
ogbn-products,False,no-split,10000,997,50.2952,0.1994,500958,0.009021825396825394,1.994199419941994e-05,9049,19,19,2.4502923976608186,4,2,1,1,5,0.41828254847645424,0.7368421052631579,1.2918083667755127,20 random iterations
ogbn-products,False,no-split,10000,1074,50.2594,0.2148,500446,0.010010586080586083,2.148214821482148e-05,8982,23,26,2.691699604743083,6,3,1,1,5,0.4245562130177515,0.6923076923076923,14.500592947006226,20 random iterations
ogbn-products,False,no-split,10000,1050,51.4201,0.21,512101,0.007037698412698413,2.1002100210021003e-05,8990,28,27,3.6164021164021163,7,4,1,1,3,0.4629629629629629,0.9259259259259259,1.3748900890350342,20 random iterations
ogbn-products,False,no-split,10000,1056,50.6728,0.2112,504616,0.009374278499278499,2.112211221122112e-05,9006,27,27,3.6695156695156697,8,4,1,1,5,0.5617283950617283,0.8148148148148148,1.3238556385040283,20 random iterations
ogbn-products,False,no-split,10000,976,50.491,0.1952,502958,0.007694145021645024,1.952195219521952e-05,9070,19,19,2.0526315789473686,3,2,1,1,2,0.22714681440443205,0.8947368421052632,1.294111728668213,20 random iterations
ogbn-products,False,no-split,10000,1098,52.3965,0.2196,521769,0.009954913419913421,2.1962196219621962e-05,8954,21,21,3.376190476190476,8,4,1,1,4,0.5839002267573695,0.8571428571428571,1.3458027839660645,20 random iterations
ogbn-products,False,no-split,10000,1068,51.8191,0.2136,516055,0.009291200858174543,2.1362136213621362e-05,8994,42,45,2.126596980255517,5,3,1,1,6,0.23160493827160497,0.8,1.7554059028625488,20 random iterations
ogbn-products,False,no-split,10000,1028,49.8634,0.2056,496578,0.009176666666666665,2.0562056205620562e-05,9015,13,16,2.3205128205128207,5,3,1,1,3,0.376953125,0.75,1.2104849815368652,20 random iterations
ogbn-products,False,no-split,10000,1098,51.4159,0.2196,511963,0.008052009493774201,2.1962196219621962e-05,8959,27,31,3.128205128205128,7,4,1,1,5,0.4963579604578564,0.7741935483870968,1.3720111846923828,20 random iterations
ogbn-products,False,no-split,10000,1075,52.0971,0.215,518821,0.005670238095238098,2.15021502150215e-05,8970,47,53,4.172987974098057,11,6,1,1,8,0.5954076183695264,0.8113207547169812,14.775923728942871,20 random iterations
ogbn-products,False,no-split,10000,937,48.3079,0.1874,481205,0.0064822222222222226,1.874187418741874e-05,9090,20,19,2.7526315789473683,6,3,1,1,6,0.46675900277008303,0.7368421052631579,1.2658052444458008,20 random iterations
ogbn-products,False,no-split,10000,1128,52.3094,0.2256,520838,0.008534451659451662,2.2562256225622562e-05,8924,49,53,4.592687074829932,10,5,1,1,7,0.668565325738697,0.8301886792452831,1.7836740016937256,20 random iterations
ogbn-products,False,no-split,5000,297,53.8208,0.1188,268510,0.004351345029239766,2.3764752950590117e-05,4716,35,38,3.1563025210084033,7,4,1,1,6,0.5058864265927978,0.7631578947368421,1.1297516822814941,20 random iterations
ogbn-products,False,no-split,5000,247,50.7638,0.0988,253325,0.0,1.976395279055811e-05,4754,10,9,2.066666666666667,3,2,1,1,2,0.2901234567901234,0.8888888888888888,0.6319034099578857,20 random iterations
ogbn-products,False,no-split,5000,273,50.7214,0.1092,253061,0.002333333333333333,2.1844368873774756e-05,4732,8,7,2.5357142857142856,5,3,1,1,2,0.35714285714285715,0.8571428571428571,0.603104829788208,20 random iterations
ogbn-products,False,no-split,5000,278,52.8046,0.1112,263467,0.0022199999999999998,2.2244448889777955e-05,4727,7,7,1.8571428571428572,3,2,1,1,2,0.1938775510204082,0.8571428571428571,0.6320064067840576,20 random iterations
ogbn-products,False,no-split,5000,250,49.8052,0.1,248526,0.0035333333333333328,2.000400080016003e-05,4757,9,8,2.2777777777777777,4,2,1,1,2,0.3671875,0.875,14.063056468963623,20 random iterations
ogbn-products,False,no-split,5000,227,50.1498,0.0908,250295,0.0018,1.816363272654531e-05,4778,6,5,1.6666666666666667,2,1,1,1,1,0.0,1.0,0.5875875949859619,20 random iterations
ogbn-products,False,no-split,5000,206,48.981,0.0824,244493,0.0023333333333333335,1.6483296659331867e-05,4799,7,6,2.0952380952380953,4,2,1,1,3,0.29166666666666663,0.6666666666666666,0.6053228378295898,20 random iterations
ogbn-products,False,no-split,5000,247,49.0904,0.0988,244958,0.0,1.976395279055811e-05,4753,8,7,1.9285714285714286,3,2,1,1,2,0.1938775510204082,0.8571428571428571,0.5817501544952393,20 random iterations
ogbn-products,False,no-split,5000,259,51.4052,0.1036,256508,0.0035333333333333336,2.0724144828965793e-05,4749,5,4,2.0,4,2,1,1,2,0.21875,0.75,0.600318193435669,20 random iterations
ogbn-products,False,no-split,5000,229,48.3076,0.0916,241080,0.0031666666666666666,1.8323664732946588e-05,4777,9,8,2.111111111111111,4,2,1,1,3,0.2890625,0.75,0.593907356262207,20 random iterations
ogbn-products,False,no-split,5000,268,51.0736,0.1072,254832,0.0027333333333333333,2.1444288857771554e-05,4737,6,5,1.6666666666666667,2,1,1,1,1,0.0,1.0,0.6163082122802734,20 random iterations
ogbn-products,False,no-split,5000,270,49.516,0.108,247040,0.0024866666666666665,2.1604320864172836e-05,4736,8,7,1.9285714285714286,3,2,1,1,2,0.1938775510204082,0.8571428571428571,0.5954093933105469,20 random iterations
ogbn-products,False,no-split,5000,250,50.7594,0.1,253297,0.003566666666666667,2.000400080016003e-05,4757,7,6,1.9047619047619047,3,2,1,1,2,0.2083333333333333,0.8333333333333334,0.5978720188140869,20 random iterations
ogbn-products,False,no-split,5000,286,50.3506,0.1144,251181,0.003235238095238096,2.2884576915383077e-05,4723,9,8,2.0555555555555554,3,2,1,1,2,0.3046875,0.875,0.6189968585968018,20 random iterations
ogbn-products,False,no-split,5000,227,48.9002,0.0908,244047,0.0013333333333333333,1.816363272654531e-05,4776,6,6,1.8,3,2,1,1,2,0.2083333333333333,0.8333333333333334,0.5832147598266602,20 random iterations
ogbn-products,False,no-split,5000,270,50.17,0.108,250310,0.002853333333333333,2.1604320864172836e-05,4737,7,6,2.0952380952380953,4,2,1,1,3,0.29166666666666663,0.6666666666666666,0.5973098278045654,20 random iterations
ogbn-products,False,no-split,5000,251,47.7722,0.1004,238359,0.0036,2.0084016803360674e-05,4758,5,5,1.8,3,2,1,1,2,0.30000000000000004,0.8,0.5718607902526855,20 random iterations
ogbn-products,False,no-split,5000,256,50.9578,0.1024,254277,0.0018399999999999998,2.0484096819363872e-05,4750,9,10,2.5,5,3,1,1,2,0.355,0.9,0.613776445388794,20 random iterations
ogbn-products,False,no-split,5000,265,50.6182,0.106,252561,0.0029333333333333334,2.1204240848169634e-05,4741,5,5,1.6,3,2,1,1,2,0.08000000000000004,0.6,0.5879178047180176,20 random iterations
ogbn-products,False,no-split,5000,249,47.9788,0.0996,239396,0.0010666666666666665,1.9923984796959392e-05,4755,7,6,2.1904761904761907,4,2,1,1,2,0.3194444444444445,0.8333333333333334,14.048948526382446,20 random iterations
ogbn-products,False,no-split,25000,6491,50.57548,0.51928,1251405,0.029673981359245455,2.077203088123525e-05,19240,811,976,14.424396035986664,40,20,1,1,29,0.910735206429723,0.9672131147540983,109.98827457427979,10 random iterations
ogbn-products,False,no-split,25000,6342,49.72336,0.50736,1230400,0.030507717240453158,2.029521180847234e-05,19356,594,680,16.89715025465447,45,23,1,1,22,0.9048540224913494,0.9647058823529412,46.913978815078735,10 random iterations
ogbn-products,False,no-split,25000,6470,50.29872,0.5176,1244528,0.02871626191211961,2.0704828193127725e-05,19166,930,1089,21.592763637626305,50,25,1,1,31,0.9319916756681094,0.9687786960514233,123.61279678344727,10 random iterations
ogbn-products,False,no-split,25000,6385,50.1094,0.5108,1239965,0.029232033918304232,2.0432817312692507e-05,19333,371,455,9.209382967873534,27,14,1,1,19,0.8369496437628308,0.9186813186813186,20.981139659881592,10 random iterations
ogbn-products,False,no-split,25000,6588,51.26976,0.52704,1268568,0.02907857046566052,2.108244329773191e-05,19101,365,414,11.303838627126298,34,17,1,1,20,0.8859658335083667,0.9492753623188406,31.63070774078369,10 random iterations
ogbn-products,False,no-split,25000,6420,49.95252,0.5136,1235973,0.029901518577177662,2.0544821792871713e-05,19263,823,980,19.056590776726296,55,28,1,1,28,0.9083829654310707,0.963265306122449,100.84153604507446,10 random iterations
ogbn-products,False,no-split,25000,6317,50.02664,0.50536,1238032,0.029364778707745925,2.0215208608344332e-05,19369,572,675,10.799027592372601,32,16,1,1,23,0.8673525377229082,0.9496296296296296,47.745731830596924,10 random iterations
ogbn-products,False,no-split,25000,6629,50.57664,0.53032,1251158,0.03232164275717853,2.1213648545941836e-05,19147,649,779,13.888789020144952,35,18,1,1,24,0.9103875644526325,0.9640564826700898,74.56546711921692,10 random iterations
ogbn-products,False,no-split,25000,6337,49.72672,0.50696,1230494,0.028648646681532122,2.027921116844674e-05,19359,388,474,9.027518047896853,21,12,1,1,16,0.8585652228097347,0.9556962025316456,22.171992778778076,10 random iterations
ogbn-products,False,no-split,25000,6635,50.74792,0.5308,1255428,0.03241416617062963,2.123284931397256e-05,19125,334,414,10.315800830770891,25,13,1,1,19,0.8754288314779809,0.9420289855072463,16.219269037246704,10 random iterations
ogbn-products,False,no-split,1000,9,51.627,0.018,51609,0.0,1.801801801801802e-05,991,2,1,1.0,1,1,1,1,1,0.0,1.0,0.10611963272094727,20 random iterations
ogbn-products,False,no-split,1000,12,50.429,0.024,50405,0.0,2.4024024024024024e-05,988,3,2,1.3333333333333333,2,1,1,1,1,0.0,1.0,0.10735321044921875,20 random iterations
ogbn-products,False,no-split,1000,13,50.668,0.026,50642,0.0,2.6026026026026025e-05,987,2,1,1.0,1,1,1,1,1,0.0,1.0,0.10305500030517578,20 random iterations
ogbn-products,False,no-split,1000,14,50.094,0.028,50066,0.0,2.802802802802803e-05,986,2,1,1.0,1,1,1,1,1,0.0,1.0,0.10249137878417969,20 random iterations
ogbn-products,False,no-split,1000,9,47.778,0.018,47760,0.0,1.801801801801802e-05,991,3,2,1.3333333333333333,2,1,1,1,1,0.0,1.0,0.09982419013977051,20 random iterations
ogbn-products,False,no-split,1000,11,52.249,0.022,52227,0.0,2.2022022022022024e-05,989,2,1,1.0,1,1,1,1,1,0.0,1.0,0.10597753524780273,20 random iterations
ogbn-products,False,no-split,1000,10,45.372,0.02,45352,0.0,2.002002002002002e-05,990,2,1,1.0,1,1,1,1,1,0.0,1.0,0.09250712394714355,20 random iterations
ogbn-products,False,no-split,1000,8,50.881,0.016,50865,0.0,1.6016016016016015e-05,992,2,1,1.0,1,1,1,1,1,0.0,1.0,0.10432863235473633,20 random iterations
ogbn-products,False,no-split,1000,10,52.155,0.02,52135,0.0,2.002002002002002e-05,990,2,1,1.0,1,1,1,1,1,0.0,1.0,0.10866665840148926,20 random iterations
ogbn-products,False,no-split,1000,6,47.244,0.012,47232,0.0,1.2012012012012012e-05,994,2,1,1.0,1,1,1,1,1,0.0,1.0,0.0981447696685791,20 random iterations
ogbn-products,False,no-split,1000,9,53.211,0.018,53193,0.0,1.801801801801802e-05,991,3,2,1.3333333333333333,2,1,1,1,1,0.0,1.0,0.11495089530944824,20 random iterations
ogbn-products,False,no-split,1000,6,48.492,0.012,48480,0.0,1.2012012012012012e-05,994,2,1,1.0,1,1,1,1,1,0.0,1.0,0.0979158878326416,20 random iterations
ogbn-products,False,no-split,1000,8,48.65,0.016,48634,0.0,1.6016016016016015e-05,992,2,1,1.0,1,1,1,1,1,0.0,1.0,0.09895610809326172,20 random iterations
ogbn-products,False,no-split,1000,11,50.928,0.022,50906,0.0,2.2022022022022024e-05,989,3,2,1.3333333333333333,2,1,1,1,1,0.0,1.0,0.10639333724975586,20 random iterations
ogbn-products,False,no-split,1000,7,47.68,0.014,47666,0.0,1.4014014014014014e-05,993,2,1,1.0,1,1,1,1,1,0.0,1.0,0.09863495826721191,20 random iterations
ogbn-products,False,no-split,1000,10,51.559,0.02,51539,0.0,2.002002002002002e-05,990,3,2,1.3333333333333333,2,1,1,1,1,0.0,1.0,0.10879087448120117,20 random iterations
ogbn-products,False,no-split,1000,4,52.514,0.008,52506,0.0,8.008008008008007e-06,996,2,1,1.0,1,1,1,1,1,0.0,1.0,0.11023569107055664,20 random iterations
ogbn-products,False,no-split,1000,12,50.726,0.024,50702,0.0,2.4024024024024024e-05,988,3,2,1.3333333333333333,2,1,1,1,1,0.0,1.0,0.10465407371520996,20 random iterations
ogbn-products,False,no-split,1000,12,49.567,0.024,49543,0.003,2.4024024024024024e-05,989,3,3,1.0,1,1,2,2,1,0.0,1.0,0.10245513916015625,20 random iterations
ogbn-products,False,no-split,1000,6,46.751,0.012,46739,0.0,1.2012012012012012e-05,994,2,1,1.0,1,1,1,1,1,0.0,1.0,0.09534597396850586,20 random iterations
ogbn-products,False,no-split,7500,554,48.486266666666666,0.14773333333333333,362539,0.0031396825396825395,1.970040449837756e-05,6957,20,19,3.1842105263157894,6,3,1,1,5,0.5318559556786704,0.7894736842105263,0.9670662879943848,20 random iterations
ogbn-products,False,no-split,7500,636,51.2124,0.1696,382821,0.005302905982905984,2.261634884651287e-05,6886,19,21,2.304093567251462,4,2,1,1,4,0.38321995464852604,0.7619047619047619,1.0670802593231201,20 random iterations
ogbn-products,False,no-split,7500,603,51.590266666666665,0.1608,385721,0.007232857142857144,2.144285904787305e-05,6922,21,23,2.119047619047619,3,2,1,1,2,0.30245746691871456,0.8260869565217391,14.7399742603302,20 random iterations
ogbn-products,False,no-split,7500,604,50.108666666666664,0.16106666666666666,374607,0.006508627450980392,2.147841934480153e-05,6919,22,23,2.294372294372294,5,3,1,1,4,0.33837429111531186,0.782608695652174,1.1416540145874023,20 random iterations
ogbn-products,False,no-split,7500,589,51.11533333333333,0.15706666666666666,382187,0.0051795670995671,2.0945014890874338e-05,6933,29,32,3.3669950738916254,7,4,1,1,3,0.55517578125,0.9375,1.155975580215454,20 random iterations
ogbn-products,False,no-split,7500,537,50.156666666666666,0.1432,375101,0.0031599999999999996,1.9095879450593414e-05,6977,8,9,1.9642857142857142,4,2,1,1,3,0.1790123456790123,0.5555555555555556,0.9545779228210449,20 random iterations
ogbn-products,False,no-split,7500,576,51.7324,0.1536,386841,0.005704761904761905,2.0482731030804106e-05,6954,14,19,2.4065934065934065,5,3,1,1,3,0.4362880886426592,0.7894736842105263,1.0357301235198975,20 random iterations
ogbn-products,False,no-split,7500,540,50.5272,0.144,377874,0.004999999999999999,1.920256034137885e-05,6982,15,14,2.6666666666666665,5,3,1,1,4,0.44387755102040827,0.7857142857142857,0.9573378562927246,20 random iterations
ogbn-products,False,no-split,7500,561,50.1672,0.1496,375132,0.003951111111111112,1.994932657687692e-05,6955,15,14,1.8666666666666667,2,1,1,1,1,1.1102230246251565e-16,1.0,0.9962775707244873,20 random iterations
ogbn-products,False,no-split,7500,542,49.6992,0.14453333333333335,371660,0.003896218323586744,1.927368093523581e-05,6974,29,30,2.642857142857143,6,3,1,1,5,0.4111111111111111,0.8333333333333334,1.1474940776824951,20 random iterations
ogbn-products,False,no-split,7500,559,50.78653333333333,0.14906666666666665,379781,0.0036340415140415135,1.987820598301996e-05,6956,15,16,1.8476190476190477,2,1,1,1,2,0.154296875,0.8125,0.9935328960418701,20 random iterations
ogbn-products,False,no-split,7500,520,49.00973333333334,0.13866666666666666,366533,0.002457777777777778,1.8491354402809264e-05,6991,13,12,1.9743589743589745,3,2,1,1,2,0.13541666666666669,0.9166666666666666,0.9683465957641602,20 random iterations
ogbn-products,False,no-split,7500,621,51.69866666666667,0.1656,386498,0.006697868958738525,2.208294439258568e-05,6906,39,47,2.8893387314439947,7,4,1,1,7,0.45382526029877773,0.7021276595744681,14.8246328830719,20 random iterations
ogbn-products,False,no-split,7500,559,49.27106666666667,0.14906666666666665,368415,0.004984126984126985,1.987820598301996e-05,6958,10,12,2.4444444444444446,5,3,1,1,2,0.41319444444444453,0.9166666666666666,0.9187519550323486,20 random iterations
ogbn-products,False,no-split,7500,597,51.3856,0.1592,384198,0.0031736507936507945,2.1229497266302174e-05,6921,28,30,3.494708994708995,6,3,1,1,3,0.49277777777777776,0.9,1.2981891632080078,20 random iterations
ogbn-products,False,no-split,7500,600,50.68573333333333,0.16,378943,0.005564126984126984,2.133617815708761e-05,6928,26,31,2.689230769230769,7,4,1,1,5,0.4297606659729448,0.7096774193548387,1.0951941013336182,20 random iterations
ogbn-products,False,no-split,7500,587,50.464533333333335,0.15653333333333333,377310,0.0058622222222222235,2.087389429701738e-05,6936,15,14,2.6095238095238096,5,3,1,1,4,0.451530612244898,0.7857142857142857,0.9885077476501465,20 random iterations
ogbn-products,False,no-split,7500,551,49.36306666666667,0.14693333333333333,369121,0.004501587301587302,1.9593723607592123e-05,6965,18,18,4.196078431372549,9,5,1,1,4,0.5540123456790124,0.8333333333333334,0.9561986923217773,20 random iterations
ogbn-products,False,no-split,7500,584,50.81973333333333,0.15573333333333333,379980,0.0062594871794871805,2.0767213406231942e-05,6941,25,28,3.006666666666667,8,4,1,1,4,0.4426020408163266,0.7857142857142857,1.1109890937805176,20 random iterations
ogbn-products,False,no-split,7500,660,52.434133333333335,0.176,391936,0.006037979797979799,2.3469795972796374e-05,6867,18,23,2.045751633986928,3,2,1,1,2,0.2381852551984877,0.7391304347826086,1.101708173751831,20 random iterations
