Dataset name,Feature studied,Directed,First split,Num nodes,Num edges,Homophily,Num CC,BCC num nodes,BCC num edges,BCC homophily,Execution time,Type split
CiteSeer,y,True,no-split,3327,9104,0.6706593983410409,438,2120,7358,0.6620897112374552,0.12597036361694336,1 ordered iterations
CiteSeer,y,True,no-split,1000,786,0.6416554385479296,645,61,152,0.05313301575668703,0.06195831298828125,3 ordered iterations
CiteSeer,y,True,no-split,1000,806,0.6491661711496383,650,107,304,0.324015247776366,0.015542984008789062,3 ordered iterations
CiteSeer,y,True,no-split,1000,978,0.6620449492378988,559,116,298,0.23224144276775793,0.01566624641418457,3 ordered iterations
CiteSeer,y,True,no-split,327,112,0.7970197341925092,272,7,12,-0.09090909090909137,0.00436711311340332,3 ordered iterations
CiteSeer,y,True,no-split,3327,9104,0.6706593983410409,438,2120,7358,0.6620897112374552,0.12611055374145508,5 random iterations
CiteSeer,y,True,no-split,3327,9104,0.6706593983410409,438,2120,7358,0.6620897112374552,0.0794379711151123,5 random iterations
CiteSeer,y,True,no-split,3327,9104,0.6706593983410409,438,2120,7358,0.6620897112374552,0.08069109916687012,5 random iterations
CiteSeer,y,True,no-split,3327,9104,0.6706593983410409,438,2120,7358,0.6620897112374552,0.08021903038024902,5 random iterations
CiteSeer,y,True,no-split,3327,9104,0.6706593983410409,438,2120,7358,0.6620897112374552,0.08032584190368652,5 random iterations
CiteSeer,y,True,no-split,1000,868,0.665178327598449,638,88,272,0.07027244395295006,0.06537389755249023,10 random iterations
CiteSeer,y,True,no-split,1000,866,0.6403921595106109,621,102,282,0.3549081612056784,0.016702890396118164,10 random iterations
CiteSeer,y,True,no-split,1000,816,0.6920629400382554,630,78,188,0.15060240963855437,0.016082763671875,10 random iterations
CiteSeer,y,True,no-split,1000,890,0.6915544521389548,602,118,294,0.47226952639572856,0.016642093658447266,10 random iterations
CiteSeer,y,True,no-split,1000,890,0.6536274396284432,616,124,338,0.2377159309021114,0.016832351684570312,10 random iterations
CiteSeer,y,True,no-split,1000,852,0.658443696757105,631,121,320,0.11624919717405177,0.016508817672729492,10 random iterations
CiteSeer,y,True,no-split,1000,768,0.6491357486545846,644,54,126,0.24509803921568618,0.015197038650512695,10 random iterations
CiteSeer,y,True,no-split,1000,754,0.6718178997448803,656,34,74,0.6048817696414951,0.01542043685913086,10 random iterations
CiteSeer,y,True,no-split,1000,926,0.7149257188428146,594,108,282,0.46782065464957373,0.016576528549194336,10 random iterations
CiteSeer,y,True,no-split,1000,872,0.7038502500997431,611,73,202,-0.0032135553607933252,0.016058683395385742,10 random iterations
CiteSeer,y,True,no-split,500,174,0.5638039786511402,414,8,14,0.06666666666666653,0.054483890533447266,6 ordered iterations
CiteSeer,y,True,no-split,500,202,0.7285293741200564,404,18,40,-0.08843537414965981,0.0070307254791259766,6 ordered iterations
CiteSeer,y,True,no-split,500,188,0.6752788772939906,411,30,64,-0.03087248322147651,0.007171154022216797,6 ordered iterations
CiteSeer,y,True,no-split,500,172,0.4737016209063844,416,8,14,-0.1666666666666669,0.006743192672729492,6 ordered iterations
CiteSeer,y,True,no-split,500,372,0.6697064427221102,326,28,68,0.03838383838383859,0.0075609683990478516,6 ordered iterations
CiteSeer,y,True,no-split,500,220,0.703029697030297,393,7,12,-0.09090909090909137,0.006658077239990234,6 ordered iterations
CiteSeer,y,True,no-split,500,222,0.6950549450549451,394,31,66,0.15923566878980872,0.056345462799072266,10 random iterations
CiteSeer,y,True,no-split,500,222,0.7131640411469463,394,16,32,-0.03225806451612903,0.007515668869018555,10 random iterations
CiteSeer,y,True,no-split,500,198,0.7086558761435607,406,6,14,nan,0.008319616317749023,10 random iterations
CiteSeer,y,True,no-split,500,170,0.7860481841064364,417,8,14,nan,0.007250070571899414,10 random iterations
CiteSeer,y,True,no-split,500,222,0.7023207839092318,401,10,42,nan,0.007544755935668945,10 random iterations
CiteSeer,y,True,no-split,500,216,0.6181496758986447,397,17,34,-0.11111111111111116,0.007424831390380859,10 random iterations
CiteSeer,y,True,no-split,500,202,0.7970104258259014,404,8,14,nan,0.0073719024658203125,10 random iterations
CiteSeer,y,True,no-split,500,202,0.7593579534767071,402,11,22,-0.04761904761904884,0.007329702377319336,10 random iterations
CiteSeer,y,True,no-split,500,218,0.6058884297520661,395,12,28,-0.03703703703703835,0.0073893070220947266,10 random iterations
CiteSeer,y,True,no-split,500,186,0.5910928302957238,410,7,12,-0.5319148936170215,0.00745081901550293,10 random iterations
CiteSeer,y,True,no-split,1660,2282,0.6637039972126768,765,292,930,0.41472889275236324,0.07737326622009277,2 ordered iterations
CiteSeer,y,True,no-split,1660,2100,0.6697305625997986,751,366,944,0.6630913459393661,0.029522180557250977,2 ordered iterations
CiteSeer,y,True,no-split,1660,2230,0.6709645073074667,729,270,766,0.438962209670831,0.07846212387084961,3 random iterations
CiteSeer,y,True,no-split,1660,2338,0.6823896038971802,708,470,1282,0.6855617857073245,0.03195977210998535,3 random iterations
CiteSeer,y,True,no-split,1660,2452,0.6489667229217336,708,491,1404,0.5859986475547536,0.032526254653930664,3 random iterations
CiteSeer,y,True,no-split,100,6,0.3333333333333334,97,2,2,nan,0.05070209503173828,33 ordered iterations
CiteSeer,y,True,no-split,100,10,0.1891891891891892,95,2,2,-1.0,0.0014700889587402344,33 ordered iterations
CiteSeer,y,True,no-split,100,16,1.0,92,2,2,nan,0.001462697982788086,33 ordered iterations
CiteSeer,y,True,no-split,100,6,0.0,97,3,4,-1.0,0.0014379024505615234,33 ordered iterations
CiteSeer,y,True,no-split,100,4,nan,98,3,4,nan,0.00145721435546875,33 ordered iterations
CiteSeer,y,True,no-split,100,12,1.0,94,4,6,nan,0.001522064208984375,33 ordered iterations
CiteSeer,y,True,no-split,100,16,1.0,92,2,2,nan,0.0014653205871582031,33 ordered iterations
CiteSeer,y,True,no-split,100,6,1.0,97,2,2,nan,0.0014667510986328125,33 ordered iterations
CiteSeer,y,True,no-split,100,4,-0.3333333333333333,98,2,2,nan,0.0014355182647705078,33 ordered iterations
CiteSeer,y,True,no-split,100,4,1.0,98,2,2,nan,0.0014688968658447266,33 ordered iterations
CiteSeer,y,True,no-split,100,8,1.0,96,2,2,nan,0.0014719963073730469,33 ordered iterations
CiteSeer,y,True,no-split,100,6,1.0,97,2,2,nan,0.001439809799194336,33 ordered iterations
CiteSeer,y,True,no-split,100,14,1.0000000000000004,94,4,8,nan,0.0015027523040771484,33 ordered iterations
CiteSeer,y,True,no-split,100,2,-1.0,99,2,2,-1.0,0.0013964176177978516,33 ordered iterations
CiteSeer,y,True,no-split,100,8,0.5789473684210527,96,3,4,-0.3333333333333333,0.001520395278930664,33 ordered iterations
CiteSeer,y,True,no-split,100,4,-0.3333333333333333,98,2,2,-1.0,0.001398324966430664,33 ordered iterations
CiteSeer,y,True,no-split,100,8,0.4666666666666667,96,3,4,-0.3333333333333333,0.0014562606811523438,33 ordered iterations
CiteSeer,y,True,no-split,100,8,0.2,97,3,6,-0.5000000000000001,0.001413583755493164,33 ordered iterations
CiteSeer,y,True,no-split,100,4,-0.3333333333333333,98,2,2,nan,0.00142669677734375,33 ordered iterations
CiteSeer,y,True,no-split,100,4,-0.3333333333333333,98,2,2,-1.0,0.0014183521270751953,33 ordered iterations
CiteSeer,y,True,no-split,100,4,nan,98,2,2,nan,0.0013897418975830078,33 ordered iterations
CiteSeer,y,True,no-split,100,2,-1.0,99,2,2,-1.0,0.00139617919921875,33 ordered iterations
CiteSeer,y,True,no-split,100,6,1.0,97,2,2,nan,0.0014293193817138672,33 ordered iterations
CiteSeer,y,True,no-split,100,68,0.5850847457627121,66,6,10,nan,0.0016171932220458984,33 ordered iterations
CiteSeer,y,True,no-split,100,46,0.6014851485148516,77,6,10,nan,0.0016129016876220703,33 ordered iterations
CiteSeer,y,True,no-split,100,36,1.0000000000000004,82,7,12,nan,0.0015652179718017578,33 ordered iterations
CiteSeer,y,True,no-split,100,50,0.6047430830039526,77,5,10,-0.11111111111111123,0.0015790462493896484,33 ordered iterations
CiteSeer,y,True,no-split,100,52,0.6607642124883505,75,5,8,nan,0.0015811920166015625,33 ordered iterations
CiteSeer,y,True,no-split,100,34,0.7100213219616204,83,3,4,-1.0,0.0014803409576416016,33 ordered iterations
CiteSeer,y,True,no-split,100,40,0.5631825273010922,80,4,6,-0.5000000000000001,0.0014905929565429688,33 ordered iterations
CiteSeer,y,True,no-split,100,26,0.8844444444444445,88,3,4,-0.3333333333333333,0.0014584064483642578,33 ordered iterations
CiteSeer,y,True,no-split,100,46,0.7785800240673886,77,6,10,-0.11111111111111124,0.001497507095336914,33 ordered iterations
CiteSeer,y,True,no-split,100,14,0.4615384615384616,93,2,2,-1.0,0.0014109611511230469,33 ordered iterations
CiteSeer,y,True,no-split,27,6,1.0,24,2,2,nan,0.0004341602325439453,33 ordered iterations
CiteSeer,y,True,no-split,100,12,0.7894736842105262,94,2,2,nan,0.051334381103515625,40 random iterations
CiteSeer,y,True,no-split,100,6,0.07692307692307689,97,2,2,-1.0,0.001550436019897461,40 random iterations
CiteSeer,y,True,no-split,100,10,1.0,95,3,4,nan,0.0015234947204589844,40 random iterations
CiteSeer,y,True,no-split,100,8,0.6521739130434783,96,2,2,nan,0.00150299072265625,40 random iterations
CiteSeer,y,True,no-split,100,12,1.0,94,2,2,nan,0.0015099048614501953,40 random iterations
CiteSeer,y,True,no-split,100,10,0.4444444444444445,95,3,4,nan,0.0015869140625,40 random iterations
CiteSeer,y,True,no-split,100,14,0.5820895522388061,93,3,4,nan,0.0015904903411865234,40 random iterations
CiteSeer,y,True,no-split,100,8,0.15789473684210525,96,3,4,-0.3333333333333333,0.0015096664428710938,40 random iterations
CiteSeer,y,True,no-split,100,8,1.0,96,2,2,nan,0.0014977455139160156,40 random iterations
CiteSeer,y,True,no-split,100,10,0.4871794871794872,95,3,4,-0.3333333333333333,0.001516580581665039,40 random iterations
CiteSeer,y,True,no-split,100,0,0.0,100,1,0,0.0,0.0014870166778564453,40 random iterations
CiteSeer,y,True,no-split,100,10,0.6551724137931035,95,2,2,nan,0.0015363693237304688,40 random iterations
CiteSeer,y,True,no-split,100,14,0.34375000000000006,93,3,4,nan,0.0015363693237304688,40 random iterations
CiteSeer,y,True,no-split,100,10,0.7435897435897436,95,2,2,nan,0.0015115737915039062,40 random iterations
CiteSeer,y,True,no-split,100,6,1.0,97,2,2,nan,0.001491546630859375,40 random iterations
CiteSeer,y,True,no-split,100,22,0.8770949720670389,89,3,4,nan,0.0015642642974853516,40 random iterations
CiteSeer,y,True,no-split,100,12,0.5294117647058824,94,3,4,-0.3333333333333333,0.0015571117401123047,40 random iterations
CiteSeer,y,True,no-split,100,8,0.2727272727272727,96,2,2,-1.0,0.0015192031860351562,40 random iterations
CiteSeer,y,True,no-split,100,4,1.0,98,2,2,nan,0.0014681816101074219,40 random iterations
CiteSeer,y,True,no-split,100,8,1.0,96,2,2,nan,0.0015263557434082031,40 random iterations
CiteSeer,y,True,no-split,100,8,0.6190476190476191,96,2,2,nan,0.0015003681182861328,40 random iterations
CiteSeer,y,True,no-split,100,12,0.7209302325581394,94,4,6,nan,0.001569509506225586,40 random iterations
CiteSeer,y,True,no-split,100,4,-1.0,98,2,2,-1.0,0.0014624595642089844,40 random iterations
CiteSeer,y,True,no-split,100,10,-0.08108108108108109,95,2,2,-1.0,0.0015020370483398438,40 random iterations
CiteSeer,y,True,no-split,100,4,-0.3333333333333333,98,2,2,nan,0.0015091896057128906,40 random iterations
CiteSeer,y,True,no-split,100,18,0.6814159292035398,91,4,6,-0.1999999999999996,0.0015921592712402344,40 random iterations
CiteSeer,y,True,no-split,100,4,0.2,98,2,2,nan,0.0014691352844238281,40 random iterations
CiteSeer,y,True,no-split,100,8,1.0,96,4,6,nan,0.0014977455139160156,40 random iterations
CiteSeer,y,True,no-split,100,2,nan,99,2,2,nan,0.001483917236328125,40 random iterations
CiteSeer,y,True,no-split,100,8,0.2727272727272727,96,2,2,-1.0,0.0015151500701904297,40 random iterations
CiteSeer,y,True,no-split,100,6,1.0,97,2,2,nan,0.0015065670013427734,40 random iterations
CiteSeer,y,True,no-split,100,6,-0.20000000000000007,97,2,2,-1.0,0.001481771469116211,40 random iterations
CiteSeer,y,True,no-split,100,4,1.0,98,2,2,nan,0.001500844955444336,40 random iterations
CiteSeer,y,True,no-split,100,6,0.07692307692307689,97,2,2,-1.0,0.0014879703521728516,40 random iterations
CiteSeer,y,True,no-split,100,8,0.3333333333333333,96,3,4,-0.3333333333333333,0.001544952392578125,40 random iterations
CiteSeer,y,True,no-split,100,4,1.0,98,2,2,nan,0.0014674663543701172,40 random iterations
CiteSeer,y,True,no-split,100,14,1.0000000000000002,93,3,4,nan,0.0015702247619628906,40 random iterations
CiteSeer,y,True,no-split,100,6,1.0,97,2,2,nan,0.0015559196472167969,40 random iterations
CiteSeer,y,True,no-split,100,10,0.7142857142857143,95,2,2,nan,0.0014851093292236328,40 random iterations
CiteSeer,y,True,no-split,100,10,0.4736842105263158,95,2,2,nan,0.0015523433685302734,40 random iterations