Dataset name,Feature studied,Directed,First split,Num nodes,Num edges,Homophily,Num CC,BCC num nodes,BCC num edges,BCC homophily,Execution time,Type split
CoauthorCS,y,True,no-split,18333,163788,0.7845426903288957,1,18333,163788,0.7845426903288957,1.062746524810791,1 ordered iterations
CoauthorCS,y,True,no-split,9150,44142,0.8181532020627889,779,8096,43506,0.8162452360121157,0.38071203231811523,2 ordered iterations
CoauthorCS,y,True,no-split,9150,45748,0.7420276577040443,896,7995,45170,0.7396578613521275,0.3988654613494873,2 ordered iterations
CoauthorCS,y,True,no-split,9150,40100,0.7886655099195367,884,7986,39458,0.7867447364043922,0.38330817222595215,3 random iterations
CoauthorCS,y,True,no-split,9150,40834,0.7907280762596354,865,7985,40130,0.7878659338914936,0.393388032913208,3 random iterations
CoauthorCS,y,True,no-split,9150,40404,0.7878199957276237,906,7988,39816,0.7857274558541001,0.38980579376220703,3 random iterations
CoauthorCS,y,True,no-split,6000,20416,0.8173547463053922,1046,4608,19626,0.814018188157748,0.21358966827392578,3 ordered iterations
CoauthorCS,y,True,no-split,6000,18418,0.7723686682152775,1178,4442,17578,0.7659877565096602,0.21366310119628906,3 ordered iterations
CoauthorCS,y,True,no-split,6000,18824,0.7469231074395395,1202,4480,18142,0.740007842018309,0.21796154975891113,3 ordered iterations
CoauthorCS,y,True,no-split,6000,17338,0.7913650924622392,1165,4470,16538,0.7849411552013854,0.21790099143981934,5 random iterations
CoauthorCS,y,True,no-split,6000,17188,0.7946888084714858,1213,4449,16444,0.7888279199754611,0.21760153770446777,5 random iterations
CoauthorCS,y,True,no-split,6000,17466,0.7824740142780652,1182,4486,16736,0.7759560502833299,0.21846652030944824,5 random iterations
CoauthorCS,y,True,no-split,6000,17768,0.7762175300676615,1239,4399,16976,0.7692349699797836,0.22144007682800293,5 random iterations
CoauthorCS,y,True,no-split,6000,18214,0.7889292970728377,1138,4520,17484,0.7840907347882483,0.3003675937652588,5 random iterations
CoauthorCS,y,True,no-split,2500,4000,0.8077646149937767,1041,1096,3176,0.7937014408182798,0.06732892990112305,7 ordered iterations
CoauthorCS,y,True,no-split,2500,3496,0.8296166516651148,1170,893,2550,0.8213697519446629,0.06409668922424316,7 ordered iterations
CoauthorCS,y,True,no-split,2500,3048,0.8327895591437087,1260,681,1790,0.8093063266700825,0.0596318244934082,7 ordered iterations
CoauthorCS,y,True,no-split,2500,3400,0.7568308296967361,1172,1002,2720,0.7327949485779326,0.06753420829772949,7 ordered iterations
CoauthorCS,y,True,no-split,2500,3754,0.7527781330116987,1130,1023,3004,0.7160096818291634,0.14548563957214355,7 ordered iterations
CoauthorCS,y,True,no-split,2500,3524,0.7392207447555034,1152,987,2720,0.7000407566826047,0.06809806823730469,7 ordered iterations
CoauthorCS,y,True,no-split,2500,2804,0.7603900105823518,1316,637,1610,0.6844273041598101,0.0605466365814209,7 ordered iterations
CoauthorCS,y,True,no-split,2500,2936,0.7741309974454739,1241,728,1784,0.7195789704416946,0.06220889091491699,15 random iterations
CoauthorCS,y,True,no-split,2500,3060,0.7584417267119196,1225,895,2240,0.7300189079960213,0.0652623176574707,15 random iterations
CoauthorCS,y,True,no-split,2500,3100,0.7854565156958367,1259,789,2132,0.7861246150835138,0.06447935104370117,15 random iterations
CoauthorCS,y,True,no-split,2500,2810,0.8067159231247628,1288,628,1538,0.788033834651231,0.0595860481262207,15 random iterations
CoauthorCS,y,True,no-split,2500,2900,0.8066434536098356,1286,727,1850,0.781556407317926,0.06245064735412598,15 random iterations
CoauthorCS,y,True,no-split,2500,2800,0.7823680864653773,1319,615,1544,0.744254839298331,0.1375281810760498,15 random iterations
CoauthorCS,y,True,no-split,2500,2990,0.798786098344199,1265,787,2032,0.7839976646967137,0.06380867958068848,15 random iterations
CoauthorCS,y,True,no-split,2500,3076,0.7560662083755073,1219,780,1972,0.6961880697656571,0.06450319290161133,15 random iterations
CoauthorCS,y,True,no-split,2500,3080,0.7752121976314506,1204,824,2058,0.7394519888180333,0.06462931632995605,15 random iterations
CoauthorCS,y,True,no-split,2500,2880,0.7709032643146227,1278,774,1930,0.7198531427299835,0.06339597702026367,15 random iterations
CoauthorCS,y,True,no-split,2500,3256,0.7885775302300077,1181,826,2140,0.7417983399676887,0.14356780052185059,15 random iterations
CoauthorCS,y,True,no-split,2500,3010,0.7587766824952569,1251,814,2062,0.7180621246114016,0.06495857238769531,15 random iterations
CoauthorCS,y,True,no-split,2500,3334,0.7899876659358345,1178,956,2566,0.7664297629360379,0.06862783432006836,15 random iterations
CoauthorCS,y,True,no-split,2500,3064,0.786350817284157,1239,797,2060,0.7382476190071123,0.06500625610351562,15 random iterations
CoauthorCS,y,True,no-split,2500,3062,0.7585988256291204,1204,843,2072,0.7232322077328079,0.06416559219360352,15 random iterations
CoauthorCS,y,True,no-split,1000,624,0.8668696374204263,723,50,138,0.6985253959584925,0.019073009490966797,18 ordered iterations
CoauthorCS,y,True,no-split,1000,706,0.7311981357541619,680,89,200,0.5988673902784333,0.01978778839111328,18 ordered iterations
CoauthorCS,y,True,no-split,1000,698,0.7603241461404633,682,68,156,0.632129697862933,0.020124197006225586,18 ordered iterations
CoauthorCS,y,True,no-split,1000,606,0.8197477658505631,724,62,146,0.47139753801593054,0.01930999755859375,18 ordered iterations
CoauthorCS,y,True,no-split,1000,518,0.8364102286467072,763,25,64,nan,0.01882028579711914,18 ordered iterations
CoauthorCS,y,True,no-split,1000,404,0.7926728439059159,811,21,42,0.7894736842105265,0.018085241317749023,18 ordered iterations
CoauthorCS,y,True,no-split,1000,506,0.8107876399985408,764,20,42,0.6339869281045752,0.018281936645507812,18 ordered iterations
CoauthorCS,y,True,no-split,1000,512,0.8412594519179427,761,26,54,0.4406779661016949,0.019277334213256836,18 ordered iterations
CoauthorCS,y,True,no-split,1000,444,0.7029415157457608,793,15,38,0.20833333333333376,0.018524885177612305,18 ordered iterations
CoauthorCS,y,True,no-split,1000,580,0.694966480930412,732,50,108,0.28290253734882614,0.019427061080932617,18 ordered iterations
CoauthorCS,y,True,no-split,1000,640,0.6821507797238686,710,74,190,0.4169944925255703,0.09620833396911621,18 ordered iterations
CoauthorCS,y,True,no-split,1000,622,0.7726832381007627,723,80,198,0.5343680709534367,0.020195722579956055,18 ordered iterations
CoauthorCS,y,True,no-split,1000,612,0.782634521527731,719,84,188,0.7060338484179544,0.02092432975769043,18 ordered iterations
CoauthorCS,y,True,no-split,1000,566,0.7007568350534132,743,100,236,0.6286859869055472,0.021102428436279297,18 ordered iterations
CoauthorCS,y,True,no-split,1000,506,0.783545475180277,761,16,34,-0.030303030303030776,0.01900315284729004,18 ordered iterations
CoauthorCS,y,True,no-split,1000,604,0.7137687403067378,720,73,166,0.5345794392523365,0.020540952682495117,18 ordered iterations
CoauthorCS,y,True,no-split,1000,424,0.7577911774039987,794,13,26,0.2777777777777779,0.01824331283569336,18 ordered iterations
CoauthorCS,y,True,no-split,1000,468,0.7518970499573815,779,28,62,0.4612042209807572,0.01895284652709961,18 ordered iterations
CoauthorCS,y,True,no-split,1000,562,0.7712737964086985,737,34,70,0.7228506787330318,0.02002739906311035,30 random iterations
CoauthorCS,y,True,no-split,1000,410,0.808993998520183,807,14,26,-0.04000000000000024,0.019005298614501953,30 random iterations
CoauthorCS,y,True,no-split,1000,434,0.7467157370684008,792,22,42,0.5051546391752578,0.01903247833251953,30 random iterations
CoauthorCS,y,True,no-split,1000,544,0.6912575315840622,749,46,112,0.5410776480229461,0.01995992660522461,30 random iterations
CoauthorCS,y,True,no-split,1000,518,0.7807258904306748,757,47,104,0.7208803005904456,0.01999044418334961,30 random iterations
CoauthorCS,y,True,no-split,1000,472,0.6825435646591257,777,37,74,0.36177939173853835,0.019726991653442383,30 random iterations
CoauthorCS,y,True,no-split,1000,542,0.7812854060933402,750,22,48,0.42105263157894746,0.019723176956176758,30 random iterations
CoauthorCS,y,True,no-split,1000,530,0.7612958226768969,749,24,52,0.5878467635402905,0.09575891494750977,30 random iterations
CoauthorCS,y,True,no-split,1000,504,0.8713776565318785,764,9,16,0.7090909090909091,0.019004106521606445,30 random iterations
CoauthorCS,y,True,no-split,1000,524,0.7801018686897778,754,38,88,0.4291274732403503,0.020046234130859375,30 random iterations
CoauthorCS,y,True,no-split,1000,540,0.7385470223410878,742,24,46,0.5694227769110763,0.019754886627197266,30 random iterations
CoauthorCS,y,True,no-split,1000,466,0.8057463238742354,781,20,48,0.863247863247863,0.019405841827392578,30 random iterations
CoauthorCS,y,True,no-split,1000,456,0.7726769176230779,781,15,34,-0.07368421052631481,0.019159793853759766,30 random iterations
CoauthorCS,y,True,no-split,1000,530,0.8240970097301148,754,44,104,0.8289473684210525,0.02034306526184082,30 random iterations
CoauthorCS,y,True,no-split,1000,478,0.8323499071590675,778,14,34,0.8005865102639298,0.019095659255981445,30 random iterations
CoauthorCS,y,True,no-split,1000,478,0.8081919685402726,771,47,106,0.6242800177226407,0.020386695861816406,30 random iterations
CoauthorCS,y,True,no-split,1000,528,0.7698051587741968,763,22,50,0.4455645161290321,0.020211458206176758,30 random iterations
CoauthorCS,y,True,no-split,1000,528,0.736,751,50,106,0.6558441558441559,0.0964498519897461,30 random iterations
CoauthorCS,y,True,no-split,1000,534,0.7913030994273316,753,45,98,0.6995017247987736,0.01995992660522461,30 random iterations
CoauthorCS,y,True,no-split,1000,454,0.8147061418990469,784,31,64,0.5454545454545454,0.019297122955322266,30 random iterations
CoauthorCS,y,True,no-split,1000,612,0.7787405097032348,718,20,46,0.35728542914171657,0.01995086669921875,30 random iterations
CoauthorCS,y,True,no-split,1000,478,0.6954906745856732,775,23,46,0.45953002610966065,0.019538164138793945,30 random iterations
CoauthorCS,y,True,no-split,1000,434,0.7974365418446846,800,21,60,nan,0.019140958786010742,30 random iterations
CoauthorCS,y,True,no-split,1000,506,0.7413635081782292,766,62,144,0.6327935738875431,0.020226716995239258,30 random iterations
CoauthorCS,y,True,no-split,1000,384,0.8198789811904874,816,10,18,0.3493975903614458,0.018741369247436523,30 random iterations
CoauthorCS,y,True,no-split,1000,442,0.7758698182572521,788,13,28,0.5087719298245614,0.01910853385925293,30 random iterations
CoauthorCS,y,True,no-split,1000,456,0.7646957643517523,779,14,28,0.5642023346303503,0.0190737247467041,30 random iterations
CoauthorCS,y,True,no-split,1000,522,0.7662880358179255,752,30,62,0.5891016200294551,0.09519505500793457,30 random iterations
CoauthorCS,y,True,no-split,1000,502,0.7770405619759799,762,26,50,0.4779582366589327,0.0195467472076416,30 random iterations
CoauthorCS,y,True,no-split,1000,520,0.7840531561461795,761,46,114,0.8646080760095011,0.020121335983276367,30 random iterations
