Dataset name,Feature studied,Directed,First split,Num nodes,Num edges,Homophily,Num CC,BCC num nodes,BCC num edges,BCC homophily,Execution time,Type split
Cora,y,True,no-split,100,18,0.5537190082644629,91,3,4,-0.6,0.05033421516418457,27 ordered iterations
Cora,y,True,no-split,100,28,1.0,86,6,10,nan,0.0017323493957519531,27 ordered iterations
Cora,y,True,no-split,100,12,1.0000000000000004,94,3,4,nan,0.0015134811401367188,27 ordered iterations
Cora,y,True,no-split,100,26,0.88936170212766,89,5,12,nan,0.0016293525695800781,27 ordered iterations
Cora,y,True,no-split,100,26,0.32089552238805985,87,6,10,-0.21212121212121215,0.0016353130340576172,27 ordered iterations
Cora,y,True,no-split,100,22,0.7006802721088434,89,4,6,-0.1999999999999996,0.0015707015991210938,27 ordered iterations
Cora,y,True,no-split,100,0,0.0,100,1,0,0.0,0.0014605522155761719,27 ordered iterations
Cora,y,True,no-split,100,28,0.8035087719298246,88,4,6,-0.1999999999999996,0.0015976428985595703,27 ordered iterations
Cora,y,True,no-split,100,20,0.8675496688741722,91,3,6,nan,0.001542806625366211,27 ordered iterations
Cora,y,True,no-split,100,8,1.0,96,3,4,nan,0.0014605522155761719,27 ordered iterations
Cora,y,True,no-split,100,18,0.9999999999999997,91,3,4,nan,0.0015714168548583984,27 ordered iterations
Cora,y,True,no-split,100,20,0.738562091503268,90,3,4,-0.3333333333333333,0.0015292167663574219,27 ordered iterations
Cora,y,True,no-split,100,16,0.4074074074074074,92,3,4,-0.6,0.001569509506225586,27 ordered iterations
Cora,y,True,no-split,100,36,1.0,83,5,8,nan,0.0017504692077636719,27 ordered iterations
Cora,y,True,no-split,100,24,1.0,88,3,4,nan,0.0015523433685302734,27 ordered iterations
Cora,y,True,no-split,100,12,0.7647058823529413,94,3,4,-0.3333333333333333,0.0014910697937011719,27 ordered iterations
Cora,y,True,no-split,100,14,0.6164383561643834,93,2,2,-1.0,0.0015099048614501953,27 ordered iterations
Cora,y,True,no-split,100,76,1.0,65,14,30,nan,0.0018672943115234375,27 ordered iterations
Cora,y,True,no-split,100,66,0.8371710526315791,68,19,38,nan,0.0018775463104248047,27 ordered iterations
Cora,y,True,no-split,100,114,0.7374371859296486,48,14,26,-0.11827956989247333,0.0019826889038085938,27 ordered iterations
Cora,y,True,no-split,100,72,0.3697219361483007,67,10,20,0.099099099099099,0.001779317855834961,27 ordered iterations
Cora,y,True,no-split,100,82,0.8388364779874213,62,7,14,nan,0.0017101764678955078,27 ordered iterations
Cora,y,True,no-split,100,70,0.7699890470974807,67,5,10,nan,0.0016148090362548828,27 ordered iterations
Cora,y,True,no-split,100,50,0.726775956284153,78,5,12,nan,0.0015878677368164062,27 ordered iterations
Cora,y,True,no-split,100,40,0.7231833910034601,80,3,4,nan,0.0015003681182861328,27 ordered iterations
Cora,y,True,no-split,100,26,1.0,87,3,4,nan,0.0014564990997314453,27 ordered iterations
Cora,y,True,no-split,100,44,0.9212880143112702,79,5,10,nan,0.001468658447265625,27 ordered iterations
Cora,y,True,no-split,8,2,nan,7,2,2,nan,0.00019931793212890625,27 ordered iterations
Cora,y,True,no-split,500,418,0.7892542275879925,315,37,102,0.6754176610978517,0.05661201477050781,5 ordered iterations
Cora,y,True,no-split,500,346,0.7694311504210336,339,18,34,0.3398058252427184,0.007592916488647461,5 ordered iterations
Cora,y,True,no-split,500,412,0.8277244282954122,311,54,114,0.547019867549668,0.008678197860717773,5 ordered iterations
Cora,y,True,no-split,500,700,0.7546070049497179,201,184,456,0.6577141913497772,0.011024951934814453,5 ordered iterations
Cora,y,True,no-split,500,338,0.8517064609984759,339,9,16,nan,0.007534503936767578,5 ordered iterations
Cora,y,True,no-split,500,410,0.7943362670436409,312,98,220,0.7336400508505356,0.05903959274291992,10 random iterations
Cora,y,True,no-split,500,434,0.7621855756184115,306,62,150,0.6619718309859149,0.009182214736938477,10 random iterations
Cora,y,True,no-split,500,346,0.7963838551918667,336,32,70,0.5673076923076925,0.008130788803100586,10 random iterations
Cora,y,True,no-split,500,310,0.7267759562841531,354,38,82,0.3321903129018431,0.008352041244506836,10 random iterations
Cora,y,True,no-split,500,344,0.8004888354944282,333,22,46,0.32682926829268266,0.008144378662109375,10 random iterations
Cora,y,True,no-split,500,322,0.7006948156066274,349,14,30,0.1017964071856288,0.00803828239440918,10 random iterations
Cora,y,True,no-split,500,352,0.760097821075631,337,18,36,0.3258426966292137,0.00810861587524414,10 random iterations
Cora,y,True,no-split,500,282,0.6166110493140526,368,14,26,-0.03539823008849559,0.00805521011352539,10 random iterations
Cora,y,True,no-split,500,352,0.8161915445016054,331,15,30,-0.03448275862068811,0.008092880249023438,10 random iterations
Cora,y,True,no-split,500,342,0.7833523375142533,339,22,42,0.5333333333333335,0.008342266082763672,10 random iterations
Cora,y,True,no-split,900,1270,0.7445941409848624,373,290,736,0.6736599689622254,0.06699109077453613,3 ordered iterations
Cora,y,True,no-split,900,1522,0.8113967318534083,318,426,1176,0.7828212180746563,0.02109241485595703,3 ordered iterations
Cora,y,True,no-split,900,1074,0.7611031092670164,425,160,380,0.5616554451716183,0.01639866828918457,3 ordered iterations
Cora,y,True,no-split,900,1246,0.765643708339896,386,340,848,0.7344094103994409,0.06862020492553711,5 random iterations
Cora,y,True,no-split,900,1162,0.764290811355132,399,227,546,0.6877983293556086,0.017421722412109375,5 random iterations
Cora,y,True,no-split,900,1370,0.7665526737648984,332,407,1010,0.718032509017127,0.020598173141479492,5 random iterations
Cora,y,True,no-split,900,1128,0.7415935826018565,397,270,618,0.6490428790199081,0.018044233322143555,5 random iterations
Cora,y,True,no-split,900,1214,0.7977440979690943,388,277,690,0.7188341473890563,0.018370866775512695,5 random iterations
Cora,y,True,no-split,1350,2632,0.7584532061487977,340,771,2062,0.7198165796605946,0.08090090751647949,2 ordered iterations
Cora,y,True,no-split,1350,2694,0.8084077652981603,315,889,2372,0.8066254842622543,0.03511834144592285,2 ordered iterations
Cora,y,True,no-split,1350,2774,0.7450958561791944,314,841,2308,0.7253017653736462,0.08316493034362793,3 random iterations
Cora,y,True,no-split,1350,2618,0.7656763336571888,357,724,1994,0.7365299880961071,0.03179359436035156,3 random iterations
Cora,y,True,no-split,1350,2756,0.7617894558950826,350,799,2292,0.7304049468904545,0.033307552337646484,3 random iterations
Cora,y,True,no-split,2708,10556,0.771085422300209,78,2485,10138,0.7637005121252423,0.13605594635009766,1 ordered iterations
Cora,y,True,no-split,100,16,0.68,92,3,4,nan,0.05107831954956055,50 random iterations
Cora,y,True,no-split,100,4,1.0,98,2,2,nan,0.00156402587890625,50 random iterations
Cora,y,True,no-split,100,14,0.9999999999999997,93,3,4,nan,0.0015554428100585938,50 random iterations
Cora,y,True,no-split,100,8,0.6190476190476191,96,3,4,nan,0.0015528202056884766,50 random iterations
Cora,y,True,no-split,100,16,0.8024691358024691,92,3,4,nan,0.0015625953674316406,50 random iterations
Cora,y,True,no-split,100,26,0.8921161825726142,87,5,8,nan,0.0019283294677734375,50 random iterations
Cora,y,True,no-split,100,10,0.7297297297297298,95,3,4,-0.3333333333333333,0.0015599727630615234,50 random iterations
Cora,y,True,no-split,100,6,1.0,97,2,2,nan,0.0015511512756347656,50 random iterations
Cora,y,True,no-split,100,16,0.8350515463917526,92,3,4,nan,0.0016012191772460938,50 random iterations
Cora,y,True,no-split,100,12,0.7818181818181817,94,3,4,-0.3333333333333333,0.001544952392578125,50 random iterations
Cora,y,True,no-split,100,14,0.7971014492753624,93,3,4,nan,0.0015819072723388672,50 random iterations
Cora,y,True,no-split,100,16,0.30434782608695654,92,3,4,nan,0.001567840576171875,50 random iterations
Cora,y,True,no-split,100,10,1.0,95,2,2,nan,0.0015301704406738281,50 random iterations
Cora,y,True,no-split,100,22,0.7659574468085107,89,3,4,nan,0.0015819072723388672,50 random iterations
Cora,y,True,no-split,100,8,0.6521739130434783,96,2,2,nan,0.0015406608581542969,50 random iterations
Cora,y,True,no-split,100,22,0.4883720930232558,89,3,4,nan,0.0015676021575927734,50 random iterations
Cora,y,True,no-split,100,18,1.0000000000000004,91,3,4,nan,0.0016102790832519531,50 random iterations
Cora,y,True,no-split,100,28,0.6327868852459018,86,5,8,-0.23076923076923078,0.0017631053924560547,50 random iterations
Cora,y,True,no-split,100,22,1.0,89,3,4,nan,0.0015807151794433594,50 random iterations
Cora,y,True,no-split,100,12,1.0,94,3,4,nan,0.0015392303466796875,50 random iterations
Cora,y,True,no-split,100,8,1.0,96,2,2,nan,0.0014934539794921875,50 random iterations
Cora,y,True,no-split,100,12,1.0,94,4,6,nan,0.0015823841094970703,50 random iterations
Cora,y,True,no-split,100,8,0.38461538461538464,96,2,2,nan,0.0015027523040771484,50 random iterations
Cora,y,True,no-split,100,20,1.0,91,7,14,nan,0.0016491413116455078,50 random iterations
Cora,y,True,no-split,100,14,0.8133333333333336,93,3,4,nan,0.0015797615051269531,50 random iterations
Cora,y,True,no-split,100,12,0.9999999999999998,94,2,2,nan,0.001546621322631836,50 random iterations
Cora,y,True,no-split,100,20,1.0,90,3,4,nan,0.0016298294067382812,50 random iterations
Cora,y,True,no-split,100,18,0.8512396694214875,91,2,2,nan,0.0015957355499267578,50 random iterations
Cora,y,True,no-split,100,6,1.0,97,2,2,nan,0.00150299072265625,50 random iterations
Cora,y,True,no-split,100,10,1.0,95,2,2,nan,0.0014941692352294922,50 random iterations
Cora,y,True,no-split,100,16,1.0,92,7,12,nan,0.0017783641815185547,50 random iterations
Cora,y,True,no-split,100,10,1.0,95,2,2,nan,0.0015223026275634766,50 random iterations
Cora,y,True,no-split,100,12,0.5471698113207548,94,2,2,nan,0.0015437602996826172,50 random iterations
Cora,y,True,no-split,100,16,0.7922077922077922,92,4,6,0.3333333333333334,0.0016326904296875,50 random iterations
Cora,y,True,no-split,100,22,0.44162436548223344,89,4,6,-1.0,0.001621246337890625,50 random iterations
Cora,y,True,no-split,100,22,0.6632653061224489,89,2,2,nan,0.0015811920166015625,50 random iterations
Cora,y,True,no-split,100,18,0.8512396694214879,91,3,4,nan,0.0016033649444580078,50 random iterations
Cora,y,True,no-split,100,18,0.7096774193548389,91,3,4,nan,0.0016427040100097656,50 random iterations
Cora,y,True,no-split,100,12,0.42857142857142855,94,3,4,-0.3333333333333333,0.0015201568603515625,50 random iterations
Cora,y,True,no-split,100,18,0.6288659793814432,91,5,8,nan,0.0016505718231201172,50 random iterations
Cora,y,True,no-split,100,10,0.7297297297297298,95,2,2,nan,0.0015497207641601562,50 random iterations
Cora,y,True,no-split,100,10,0.7297297297297298,95,3,4,nan,0.0015869140625,50 random iterations
Cora,y,True,no-split,100,4,-0.3333333333333333,98,2,2,-1.0,0.00152587890625,50 random iterations
Cora,y,True,no-split,100,10,1.0,95,2,2,nan,0.0015404224395751953,50 random iterations
Cora,y,True,no-split,100,14,0.5882352941176473,93,3,4,-1.0,0.0015573501586914062,50 random iterations
Cora,y,True,no-split,100,16,0.5247524752475248,92,2,2,nan,0.0015642642974853516,50 random iterations
Cora,y,True,no-split,100,24,0.6771300448430493,88,3,4,nan,0.0016198158264160156,50 random iterations
Cora,y,True,no-split,100,14,0.5409836065573771,93,4,6,nan,0.00160980224609375,50 random iterations
Cora,y,True,no-split,100,8,0.5789473684210527,96,2,2,-1.0,0.0015399456024169922,50 random iterations
Cora,y,True,no-split,100,16,0.8415841584158416,92,3,4,nan,0.0016863346099853516,50 random iterations
