Dataset name,Feature studied,Directed,First split,Num nodes,Num edges,Homophily,Num CC,BCC num nodes,BCC num edges,BCC homophily,Execution time,Type split
ogbn-products,y,False,no-split,1000,121,0.803305337306963,885,8,8,-0.4177215189873418,0.016552448272705078,10 ordered iterations
ogbn-products,y,False,no-split,1000,6,0.7894736842105264,994,2,1,nan,0.0058422088623046875,10 ordered iterations
ogbn-products,y,False,no-split,1000,5,0.7560975609756098,995,2,1,nan,0.005902528762817383,10 ordered iterations
ogbn-products,y,False,no-split,1000,2,1.0,998,2,1,nan,0.005675792694091797,10 ordered iterations
ogbn-products,y,False,no-split,1000,6,0.7551020408163265,994,2,1,nan,0.005646705627441406,10 ordered iterations
ogbn-products,y,False,no-split,1000,4,1.0,996,2,1,nan,0.005507707595825195,10 ordered iterations
ogbn-products,y,False,no-split,1000,6,1.0,994,3,2,nan,0.005654335021972656,10 ordered iterations
ogbn-products,y,False,no-split,1000,6,0.781818181818182,994,2,1,nan,0.005587339401245117,10 ordered iterations
ogbn-products,y,False,no-split,1000,12,0.8986784140969163,989,4,3,nan,0.005509376525878906,10 ordered iterations
ogbn-products,y,False,no-split,1000,4,1.0,996,2,1,nan,0.00568389892578125,10 ordered iterations
ogbn-products,y,False,no-split,1000,4,1.0,996,2,1,nan,0.005585193634033203,10 ordered iterations
ogbn-products,y,False,no-split,5000,3504,0.8120765405060765,2204,1635,2129,0.8118702139956168,0.09422874450683594,10 ordered iterations
ogbn-products,y,False,no-split,5000,141,0.7629416709602191,4859,4,3,-0.6363636363636364,0.027849674224853516,10 ordered iterations
ogbn-products,y,False,no-split,5000,158,0.8236720678184356,4843,7,6,nan,0.08772492408752441,10 ordered iterations
ogbn-products,y,False,no-split,5000,160,0.7898640033999149,4843,5,4,-0.23076923076923078,0.027741193771362305,10 ordered iterations
ogbn-products,y,False,no-split,5000,153,0.802488551736898,4851,6,5,0.5238095238095238,0.02748394012451172,10 ordered iterations
ogbn-products,y,False,no-split,5000,156,0.8409926877908265,4848,9,8,-0.10344827586206896,0.08828949928283691,10 ordered iterations
ogbn-products,y,False,no-split,5000,174,0.7574652870851875,4830,6,5,-0.11111111111111124,0.02739715576171875,10 ordered iterations
ogbn-products,y,False,no-split,5000,135,0.7651008732309543,4867,4,3,nan,0.08568382263183594,10 ordered iterations
ogbn-products,y,False,no-split,5000,200,0.8324596011457602,4805,14,15,-0.03448275862068811,0.08925700187683105,10 ordered iterations
ogbn-products,y,False,no-split,5000,158,0.7689064785339413,4846,12,12,-0.06666666666666794,0.027227401733398438,10 ordered iterations
ogbn-products,y,False,no-split,5000,170,0.833339617661476,4833,5,5,nan,0.08734011650085449,10 ordered iterations
ogbn-products,y,False,no-split,10000,13816,0.8104653250632082,2201,7144,12973,0.8105247442351083,0.11028647422790527,10 ordered iterations
ogbn-products,y,False,no-split,10000,539,0.776163202005112,9470,11,10,-0.2213740458015268,0.11887264251708984,10 ordered iterations
ogbn-products,y,False,no-split,10000,624,0.7841362266458921,9397,20,19,0.23387096774193547,0.11699867248535156,10 ordered iterations
ogbn-products,y,False,no-split,10000,630,0.8039875503428573,9390,14,16,-0.03225806451612903,0.11511468887329102,10 ordered iterations
ogbn-products,y,False,no-split,10000,596,0.8001874173436614,9425,8,7,-0.34615384615384637,0.12186193466186523,10 ordered iterations
ogbn-products,y,False,no-split,10000,648,0.8356064183639946,9377,22,23,-0.04545454545454594,0.11977601051330566,10 ordered iterations
ogbn-products,y,False,no-split,10000,648,0.7965502377260651,9373,17,17,-0.07368421052631553,0.11829614639282227,10 ordered iterations
ogbn-products,y,False,no-split,10000,601,0.8119289862464543,9418,9,9,-0.058823529411764955,0.11480545997619629,10 ordered iterations
ogbn-products,y,False,no-split,10000,694,0.8097956509823058,9331,23,26,-0.029702970297031027,0.11309647560119629,10 ordered iterations
ogbn-products,y,False,no-split,10000,665,0.7907494722410285,9356,22,23,-0.12883435582822103,0.12078070640563965,10 ordered iterations
ogbn-products,y,False,no-split,10000,593,0.8408144563220181,9425,13,12,0.04000000000000011,0.11828255653381348,10 ordered iterations
ogbn-products,y,False,no-split,50000,351449,0.8050652414600082,1410,48430,351091,0.8049423692914215,2.1024587154388428,10 ordered iterations
ogbn-products,y,False,no-split,50000,69804,0.8366708484129902,15557,31970,66747,0.8366596496093158,0.8295831680297852,10 ordered iterations
ogbn-products,y,False,no-split,50000,16369,0.8049398434551961,36499,3649,5030,0.7068505465388528,0.6747303009033203,10 ordered iterations
ogbn-products,y,False,no-split,50000,15756,0.8184062487794149,36896,3311,4627,0.73862105283695,0.5906941890716553,10 ordered iterations
ogbn-products,y,False,no-split,50000,15614,0.8173727894803564,36922,3836,5206,0.7486829045858271,0.5907516479492188,10 ordered iterations
ogbn-products,y,False,no-split,50000,16171,0.803028662028802,36561,3776,5130,0.7025686195925651,0.5737776756286621,10 ordered iterations
ogbn-products,y,False,no-split,50000,15823,0.814081520436943,36821,3563,4895,0.7229377226719073,0.6558499336242676,10 ordered iterations
ogbn-products,y,False,no-split,50000,15958,0.7872753347755719,36541,3799,5118,0.6801392714463543,0.573258638381958,10 ordered iterations
ogbn-products,y,False,no-split,50000,16064,0.8101327899422149,36609,3867,5287,0.7231520478958349,0.6569337844848633,10 ordered iterations
ogbn-products,y,False,no-split,50000,16373,0.8102796368322053,36405,3988,5394,0.7310731805000824,0.5722897052764893,10 ordered iterations
ogbn-products,y,False,no-split,50000,16504,0.8118631906329208,36361,3800,5415,0.7478729388892654,0.6518011093139648,10 ordered iterations
ogbn-products,y,False,no-split,50000,15724,0.8124022405658616,36846,3650,4763,0.730694184788214,0.5708887577056885,10 ordered iterations
ogbn-products,y,False,no-split,49029,15029,0.8097540495775272,36391,3128,4341,0.7205704844687396,0.6378533840179443,10 ordered iterations
ogbn-products,y,False,no-split,100000,1409023,0.8052497835934433,1224,98541,1408069,0.8051132315772856,8.798066139221191,10 ordered iterations
ogbn-products,y,False,no-split,100000,142054,0.8195942995704177,35144,60012,136157,0.8171024063054162,1.8310019969940186,10 ordered iterations
ogbn-products,y,False,no-split,100000,63586,0.8090490977937098,57088,26718,43591,0.778861494830417,1.5134587287902832,10 ordered iterations
ogbn-products,y,False,no-split,100000,64386,0.808443352819979,56570,26614,43988,0.7776309968607893,1.237696647644043,10 ordered iterations
ogbn-products,y,False,no-split,100000,64223,0.8121383211968525,56527,27964,45484,0.7926091630769563,1.489072561264038,10 ordered iterations
ogbn-products,y,False,no-split,100000,63907,0.8056250363599715,56472,28237,45542,0.7803161879989784,1.3831236362457275,10 ordered iterations
ogbn-products,y,False,no-split,100000,63705,0.8132766537349034,56721,26480,43082,0.7804871732165916,1.4724957942962646,10 ordered iterations
ogbn-products,y,False,no-split,100000,64237,0.7937814764998962,56494,27753,45266,0.7691748095433529,1.35933518409729,10 ordered iterations
ogbn-products,y,False,no-split,100000,62825,0.8137891211610148,56756,27433,43759,0.7883386039353328,1.4891998767852783,10 ordered iterations
ogbn-products,y,False,no-split,100000,66625,0.8006684955246759,55922,29127,48822,0.7763969866222323,1.4060349464416504,10 ordered iterations
ogbn-products,y,False,no-split,100000,65047,0.8093752729929495,56283,27781,45551,0.7781982522209349,1.364922285079956,10 ordered iterations
ogbn-products,y,False,no-split,100000,63387,0.8097027757622243,56732,27899,44703,0.7857379938448685,1.4797465801239014,10 ordered iterations
ogbn-products,y,False,no-split,49029,15029,0.8097540495775272,36391,3128,4341,0.7205704844687396,0.6002688407897949,10 ordered iterations
ogbn-products,y,False,no-split,500000,10005359,0.7959579973614014,36767,456167,9983229,0.7955600678706264,75.90231466293335,4 ordered iterations
ogbn-products,y,False,no-split,500000,1596670,0.8069573951298524,102449,371762,1538003,0.8014916111428332,17.352500438690186,4 ordered iterations
ogbn-products,y,False,no-split,500000,1596102,0.8060071103185679,102545,371677,1538670,0.8007728311729844,16.054707527160645,4 ordered iterations
ogbn-products,y,False,no-split,500000,1594945,0.8059086245969388,102345,381410,1572590,0.8043019159244282,17.413752794265747,4 ordered iterations
ogbn-products,y,False,no-split,449029,1285524,0.8070906392202417,99860,324715,1235110,0.8016061178704588,13.129268407821655,4 ordered iterations
ogbn-products,y,False,no-split,2449029,61859140,0.791069854196984,52658,2385902,61806431,0.7908852504934727,510.5829701423645,1 ordered iterations
ogbn-products,y,False,no-split,1000,8,0.8350515463917526,992,4,3,nan,0.06234025955200195,20 random iterations
ogbn-products,y,False,no-split,1000,11,0.5532994923857868,989,3,2,-0.6,0.006008148193359375,20 random iterations
ogbn-products,y,False,no-split,1000,12,0.7982456140350876,989,2,1,nan,0.10933065414428711,20 random iterations
ogbn-products,y,False,no-split,1000,14,0.7307692307692306,986,3,2,nan,0.0060160160064697266,20 random iterations
ogbn-products,y,False,no-split,1000,13,0.7243816254416963,987,3,2,nan,0.005960226058959961,20 random iterations
ogbn-products,y,False,no-split,1000,13,0.6486486486486487,987,2,1,-1.0,0.0058672428131103516,20 random iterations
ogbn-products,y,False,no-split,1000,10,0.7647058823529411,990,3,2,nan,0.006103992462158203,20 random iterations
ogbn-products,y,False,no-split,1000,10,1.0,990,2,1,nan,0.00604557991027832,20 random iterations
ogbn-products,y,False,no-split,1000,11,0.7755102040816328,989,2,1,nan,0.005604267120361328,20 random iterations
ogbn-products,y,False,no-split,1000,9,0.6029411764705883,991,3,2,nan,0.005769968032836914,20 random iterations
ogbn-products,y,False,no-split,1000,5,0.7297297297297298,995,2,1,nan,0.00571894645690918,20 random iterations
ogbn-products,y,False,no-split,1000,16,0.6820512820512822,985,3,2,nan,0.10596466064453125,20 random iterations
ogbn-products,y,False,no-split,1000,13,0.712177121771218,987,3,2,nan,0.00555872917175293,20 random iterations
ogbn-products,y,False,no-split,1000,14,0.9183673469387755,986,2,1,nan,0.005759477615356445,20 random iterations
ogbn-products,y,False,no-split,1000,7,1.0000000000000002,993,2,1,nan,0.005721330642700195,20 random iterations
ogbn-products,y,False,no-split,1000,14,0.9999999999999998,986,2,1,nan,0.005848884582519531,20 random iterations
ogbn-products,y,False,no-split,1000,8,0.8558558558558559,992,2,1,nan,0.006001710891723633,20 random iterations
ogbn-products,y,False,no-split,1000,16,1.0,984,3,2,nan,0.005968809127807617,20 random iterations
ogbn-products,y,False,no-split,1000,10,0.9999999999999997,990,2,1,nan,0.00594329833984375,20 random iterations
ogbn-products,y,False,no-split,1000,10,0.5973154362416109,990,3,2,-0.3333333333333333,0.00581669807434082,20 random iterations
ogbn-products,y,False,no-split,5000,222,0.845175269982176,4780,6,5,-0.4285714285714284,0.13250470161437988,20 random iterations
ogbn-products,y,False,no-split,5000,254,0.7833023358984421,4749,10,9,nan,0.028240203857421875,20 random iterations
ogbn-products,y,False,no-split,5000,253,0.8157709795686817,4755,9,8,nan,0.12935686111450195,20 random iterations
ogbn-products,y,False,no-split,5000,243,0.8148468207286818,4766,9,8,0.07692307692307693,0.13398241996765137,20 random iterations
ogbn-products,y,False,no-split,5000,251,0.7293615273368305,4759,14,13,-0.023622047244094536,0.028071165084838867,20 random iterations
ogbn-products,y,False,no-split,5000,260,0.7662996372508107,4742,8,7,-0.07692307692307795,0.13117313385009766,20 random iterations
ogbn-products,y,False,no-split,5000,273,0.7782901892538613,4733,13,12,-0.10769230769230781,0.027707338333129883,20 random iterations
ogbn-products,y,False,no-split,5000,231,0.8341266332898135,4775,8,7,nan,0.029142379760742188,20 random iterations
ogbn-products,y,False,no-split,5000,266,0.7927510216552724,4740,9,8,-0.23076923076923078,0.1353766918182373,20 random iterations
ogbn-products,y,False,no-split,5000,282,0.7801695842450763,4725,7,6,-0.09090909090909094,0.028496265411376953,20 random iterations
ogbn-products,y,False,no-split,5000,246,0.7815671209046101,4758,7,6,nan,0.1329340934753418,20 random iterations
ogbn-products,y,False,no-split,5000,210,0.788154294288993,4791,5,4,nan,0.13843560218811035,20 random iterations
ogbn-products,y,False,no-split,5000,246,0.7568969776826155,4757,20,19,-0.2500000000000001,0.028978824615478516,20 random iterations
ogbn-products,y,False,no-split,5000,240,0.767404296559522,4764,22,21,0.5774647887323944,0.13526701927185059,20 random iterations
ogbn-products,y,False,no-split,5000,259,0.7813405635334899,4744,6,5,0.310344827586207,0.028507471084594727,20 random iterations
ogbn-products,y,False,no-split,5000,232,0.7713065264714338,4772,7,6,-0.09090909090909058,0.13260269165039062,20 random iterations
ogbn-products,y,False,no-split,5000,233,0.8084285041059629,4773,9,8,-0.06666666666666667,0.13688373565673828,20 random iterations
ogbn-products,y,False,no-split,5000,242,0.8314692568841947,4763,4,3,nan,0.029142379760742188,20 random iterations
ogbn-products,y,False,no-split,5000,276,0.8207792207792209,4731,5,5,nan,0.13428616523742676,20 random iterations
ogbn-products,y,False,no-split,5000,270,0.8068079333964389,4734,10,9,-0.058823529411764955,0.0281217098236084,20 random iterations
ogbn-products,y,False,no-split,10000,1123,0.7794595202122246,8946,27,26,0.28050314465408793,0.16493511199951172,10 random iterations
ogbn-products,y,False,no-split,10000,941,0.7895006742161662,9101,25,25,0.4505494505494505,0.1731400489807129,10 random iterations
ogbn-products,y,False,no-split,10000,1087,0.8281214569128206,8974,23,24,-0.05109489051094945,0.1708240509033203,10 random iterations
ogbn-products,y,False,no-split,10000,1040,0.8042076528451076,8997,30,31,-0.03333333333333365,0.17071151733398438,10 random iterations
ogbn-products,y,False,no-split,10000,1133,0.7617042650320989,8930,21,21,0.08848080133555926,0.1679987907409668,10 random iterations
ogbn-products,y,False,no-split,10000,1000,0.8102861011132341,9026,26,26,nan,0.16674232482910156,10 random iterations
ogbn-products,y,False,no-split,10000,1133,0.7940888943927378,8920,25,27,0.4600000000000003,0.16444063186645508,10 random iterations
ogbn-products,y,False,no-split,10000,1065,0.7841271601745303,8978,75,82,0.2,0.17334437370300293,10 random iterations
ogbn-products,y,False,no-split,10000,1074,0.7977619537855023,8980,14,14,nan,0.1714024543762207,10 random iterations
ogbn-products,y,False,no-split,10000,1068,0.7988764141167605,8973,22,21,-0.02292263610315188,0.16969585418701172,10 random iterations
ogbn-products,y,False,no-split,50000,25227,0.7944165863145223,30653,13101,18007,0.77471003242239,0.8576157093048096,10 random iterations
ogbn-products,y,False,no-split,50000,26197,0.7904165999379784,30326,14087,19785,0.7734462068314091,0.8693907260894775,10 random iterations
ogbn-products,y,False,no-split,50000,25614,0.7877118173051977,30627,13505,18861,0.7685102760010517,0.8625762462615967,10 random iterations
ogbn-products,y,False,no-split,50000,26118,0.783077821633479,30327,14091,19735,0.7643704522883461,0.8687252998352051,10 random iterations
ogbn-products,y,False,no-split,50000,25421,0.7962332778602738,30904,13205,18603,0.7852467114588416,0.8610401153564453,10 random iterations
ogbn-products,y,False,no-split,50000,25538,0.7922311428730282,30509,13607,18822,0.7775730490169243,0.8352370262145996,10 random iterations
ogbn-products,y,False,no-split,50000,25081,0.7981554717230349,30742,13265,18247,0.7875126183399501,0.8303089141845703,10 random iterations
ogbn-products,y,False,no-split,50000,26148,0.795430101489637,30382,13989,19599,0.7815532471404292,0.8382482528686523,10 random iterations
ogbn-products,y,False,no-split,50000,25420,0.7887153550406616,30568,13384,18324,0.7669676556561372,0.8312015533447266,10 random iterations
ogbn-products,y,False,no-split,50000,25174,0.7800578711216294,30772,12815,17787,0.7553506933250503,0.8262233734130859,10 random iterations
ogbn-products,y,False,no-split,100000,102197,0.7897598647216493,44098,49372,94270,0.7820367443157017,1.9381213188171387,10 random iterations
ogbn-products,y,False,no-split,100000,102675,0.7869024142995213,44097,49428,95123,0.7804857728950341,1.974471092224121,10 random iterations
ogbn-products,y,False,no-split,100000,102221,0.7864154825013872,43961,49479,94466,0.7793064651698095,1.963963508605957,10 random iterations
ogbn-products,y,False,no-split,100000,102957,0.7911526680262942,43763,49854,95444,0.7850547445105465,1.9601435661315918,10 random iterations
ogbn-products,y,False,no-split,100000,102726,0.7877354646487225,43804,49864,95262,0.7818754422711011,1.9795541763305664,10 random iterations
ogbn-products,y,False,no-split,100000,102204,0.7886531762473006,44155,49410,94659,0.781351925253855,1.978621006011963,10 random iterations
ogbn-products,y,False,no-split,100000,101722,0.7989241584634489,44217,49009,93450,0.7931396682250681,1.9544658660888672,10 random iterations
ogbn-products,y,False,no-split,100000,102411,0.788440607160545,44038,49517,94840,0.7822656864816168,1.99198579788208,10 random iterations
ogbn-products,y,False,no-split,100000,104747,0.7833140635734388,43814,49666,96893,0.7765109910146691,1.998225212097168,10 random iterations
ogbn-products,y,False,no-split,100000,101581,0.7880660111369584,44288,49159,93605,0.7825853917258263,1.9751648902893066,10 random iterations
ogbn-products,y,False,no-split,500000,2577046,0.7898797006052548,74431,409174,2535731,0.7873112096355661,25.462687492370605,5 random iterations
ogbn-products,y,False,no-split,500000,2566573,0.7935906566386021,74680,408575,2524782,0.7910197066368957,24.576513528823853,5 random iterations
ogbn-products,y,False,no-split,500000,2574176,0.7917374777295406,74134,417878,2563265,0.7911781610883987,25.323261737823486,5 random iterations
ogbn-products,y,False,no-split,500000,2576223,0.7915882738411208,74147,409337,2536266,0.7891092681493225,25.16261601448059,5 random iterations
ogbn-products,y,False,no-split,500000,2571012,0.7934655091801864,74885,417217,2560108,0.7929157722943775,25.36197853088379,5 random iterations
ogbn-products,y,False,no-split,750000,13943941,0.7911482442550525,50565,684556,13885737,0.7904073987943254,120.10484981536865,3 ordered iterations
ogbn-products,y,False,no-split,750000,3590949,0.8053670099697331,108192,609442,3484395,0.8006678876533991,38.74787402153015,3 ordered iterations
ogbn-products,y,False,no-split,750000,3607267,0.8049294554724938,107587,610329,3500321,0.8001730687253328,39.6144802570343,3 ordered iterations
ogbn-products,y,False,no-split,750000,5826120,0.7905052805707635,76750,650891,5745388,0.7881497159028231,60.000845432281494,5 random iterations
ogbn-products,y,False,no-split,750000,5775076,0.7898739914099269,77701,649473,5690847,0.7873913316906035,61.668362855911255,5 random iterations
ogbn-products,y,False,no-split,750000,5777882,0.7911693781026381,77870,649408,5691572,0.7886909904221417,63.81964135169983,5 random iterations
ogbn-products,y,False,no-split,750000,5846804,0.7901967060810067,77161,649954,5762973,0.7878015255691677,63.84465456008911,5 random iterations
ogbn-products,y,False,no-split,750000,5773744,0.7926542464683498,77795,649204,5690921,0.7902786444565788,61.76688838005066,5 random iterations
ogbn-products,y,False,no-split,1224500,23621909,0.7888733268234215,60873,1134043,23445121,0.7875662560611517,210.2696270942688,2 ordered iterations
ogbn-products,y,False,no-split,1224500,9575520,0.8058452702668917,107861,1100613,9545150,0.8053736042944266,98.2979347705841,2 ordered iterations
ogbn-products,y,False,no-split,1224500,15456033,0.7913426586365305,74173,1115449,15245257,0.7890315344316987,142.7023103237152,5 random iterations
ogbn-products,y,False,no-split,1224500,15552503,0.7903563355692004,74619,1140394,15530756,0.7900930966157532,140.8990125656128,5 random iterations
ogbn-products,y,False,no-split,1224500,15534352,0.7901930248213221,74542,1140674,15512649,0.7899283924498529,141.2309329509735,5 random iterations
ogbn-products,y,False,no-split,1224500,15464052,0.7900072564804452,74708,1114855,15254856,0.7876777238021848,144.1448962688446,5 random iterations
ogbn-products,y,False,no-split,1224500,15463488,0.7906325204871018,74828,1140479,15442868,0.7903880162112862,147.13650608062744,5 random iterations
