Dataset name,Feature studied,Directed,First split,Num nodes,Num edges,Homophily,Num CC,BCC num nodes,BCC num edges,BCC homophily,Execution time,Type split
ogbn-arxiv,y,True,no-split,169343,1166243,0.5891983720194952,141223,23164,223310,0.6224168512555169,6.7525835037231445,1 ordered iterations
ogbn-arxiv,y,True,no-split,5000,1227,0.4576083151615889,4993,3,4,-1.0,0.09624052047729492,33 ordered iterations
ogbn-arxiv,y,True,no-split,5000,943,0.5663776223776221,4999,2,2,nan,0.09725308418273926,33 ordered iterations
ogbn-arxiv,y,True,no-split,5000,927,0.6112974721456811,4997,2,2,nan,0.0966787338256836,33 ordered iterations
ogbn-arxiv,y,True,no-split,5000,908,0.557215303750268,4992,4,7,nan,0.09646201133728027,33 ordered iterations
ogbn-arxiv,y,True,no-split,5000,1098,0.5774123412409752,4990,2,2,-1.0,0.09735488891601562,33 ordered iterations
ogbn-arxiv,y,True,no-split,5000,1214,0.5576228732649459,4992,2,2,-1.0,0.09803891181945801,33 ordered iterations
ogbn-arxiv,y,True,no-split,5000,876,0.5993597072947635,4991,2,2,nan,0.0988473892211914,33 ordered iterations
ogbn-arxiv,y,True,no-split,5000,908,0.5854625329303921,4995,2,2,nan,0.10066556930541992,33 ordered iterations
ogbn-arxiv,y,True,no-split,5000,1136,0.5777973779128637,4997,2,2,nan,0.09964251518249512,33 ordered iterations
ogbn-arxiv,y,True,no-split,5000,1034,0.6186187143397068,4992,2,2,nan,0.10018396377563477,33 ordered iterations
ogbn-arxiv,y,True,no-split,5000,1006,0.5888397394395999,4993,2,2,nan,0.10044097900390625,33 ordered iterations
ogbn-arxiv,y,True,no-split,5000,1014,0.5782715758468335,4989,3,3,nan,0.10070991516113281,33 ordered iterations
ogbn-arxiv,y,True,no-split,5000,996,0.5500621897999142,4992,2,2,nan,0.10087990760803223,33 ordered iterations
ogbn-arxiv,y,True,no-split,5000,1446,0.5132748626072916,4991,2,2,-1.0,0.10155916213989258,33 ordered iterations
ogbn-arxiv,y,True,no-split,5000,1033,0.5592174814711403,4996,2,2,nan,0.10167098045349121,33 ordered iterations
ogbn-arxiv,y,True,no-split,5000,989,0.6054916335165258,4996,2,2,nan,0.1017918586730957,33 ordered iterations
ogbn-arxiv,y,True,no-split,5000,883,0.6079461277427323,4997,2,2,nan,0.0401914119720459,33 ordered iterations
ogbn-arxiv,y,True,no-split,5000,1011,0.5708902561483541,4994,2,2,nan,0.04029083251953125,33 ordered iterations
ogbn-arxiv,y,True,no-split,5000,1015,0.6027858581987725,4994,3,4,nan,0.040489912033081055,33 ordered iterations
ogbn-arxiv,y,True,no-split,5000,971,0.5409604410609165,4993,2,2,-1.0,0.04041767120361328,33 ordered iterations
ogbn-arxiv,y,True,no-split,5000,892,0.5971520140801914,4994,2,2,nan,0.040081024169921875,33 ordered iterations
ogbn-arxiv,y,True,no-split,5000,1148,0.5978847098665917,4994,2,2,nan,0.04025602340698242,33 ordered iterations
ogbn-arxiv,y,True,no-split,5000,1008,0.6492627586883318,4986,3,5,nan,0.09346270561218262,33 ordered iterations
ogbn-arxiv,y,True,no-split,5000,1073,0.598703277659924,4990,2,2,nan,0.09391379356384277,33 ordered iterations
ogbn-arxiv,y,True,no-split,5000,961,0.6090109630965662,4994,2,2,-1.0,0.09466767311096191,33 ordered iterations
ogbn-arxiv,y,True,no-split,5000,1069,0.5947618601402177,4994,3,4,nan,0.09484410285949707,33 ordered iterations
ogbn-arxiv,y,True,no-split,5000,934,0.6519845988901722,4990,2,2,nan,0.09522581100463867,33 ordered iterations
ogbn-arxiv,y,True,no-split,5000,820,0.6277634027872352,4996,2,2,nan,0.09551572799682617,33 ordered iterations
ogbn-arxiv,y,True,no-split,5000,828,0.5780444947434257,4995,2,2,nan,0.0959017276763916,33 ordered iterations
ogbn-arxiv,y,True,no-split,5000,956,0.6308983781689925,4996,2,2,nan,0.0964207649230957,33 ordered iterations
ogbn-arxiv,y,True,no-split,5000,960,0.63075759008796,4993,2,2,nan,0.09640693664550781,33 ordered iterations
ogbn-arxiv,y,True,no-split,5000,925,0.573458810432353,4990,2,2,nan,0.09711217880249023,33 ordered iterations
ogbn-arxiv,y,True,no-split,5000,967,0.6081674451500729,4991,2,2,nan,0.09748601913452148,33 ordered iterations
ogbn-arxiv,y,True,no-split,4343,847,0.6292501389094846,4334,3,4,nan,0.09232711791992188,33 ordered iterations
ogbn-arxiv,y,True,no-split,5000,873,0.6721403303294223,4991,2,2,-1.0,0.10112953186035156,20 random iterations
ogbn-arxiv,y,True,no-split,5000,1016,0.6107063254541147,4992,2,2,nan,0.10174560546875,20 random iterations
ogbn-arxiv,y,True,no-split,5000,1348,0.5532054505702553,4988,3,4,nan,0.1021721363067627,20 random iterations
ogbn-arxiv,y,True,no-split,5000,1144,0.5917500104959375,4992,3,4,-0.5,0.10236358642578125,20 random iterations
ogbn-arxiv,y,True,no-split,5000,789,0.6193618178005963,4998,2,2,nan,0.1021566390991211,20 random iterations
ogbn-arxiv,y,True,no-split,5000,950,0.5991430269698298,4992,2,2,-1.0,0.1031351089477539,20 random iterations
ogbn-arxiv,y,True,no-split,5000,957,0.5542669221060106,4990,2,2,nan,0.1032099723815918,20 random iterations
ogbn-arxiv,y,True,no-split,5000,1069,0.5578633446114042,4990,2,2,nan,0.1038055419921875,20 random iterations
ogbn-arxiv,y,True,no-split,5000,1244,0.535967266826128,4993,2,2,-1.0,0.10432624816894531,20 random iterations
ogbn-arxiv,y,True,no-split,5000,866,0.6210484743647465,4996,2,2,nan,0.10484647750854492,20 random iterations
ogbn-arxiv,y,True,no-split,5000,1108,0.5564313643183073,4992,3,4,nan,0.1051945686340332,20 random iterations
ogbn-arxiv,y,True,no-split,5000,920,0.5789819229849053,4990,3,4,nan,0.10592913627624512,20 random iterations
ogbn-arxiv,y,True,no-split,5000,845,0.6300262703240006,4993,2,2,nan,0.10627293586730957,20 random iterations
ogbn-arxiv,y,True,no-split,5000,1029,0.631201326433201,4987,3,5,-0.36363636363636376,0.10632109642028809,20 random iterations
ogbn-arxiv,y,True,no-split,5000,881,0.5569893820756231,4996,2,2,nan,0.10737466812133789,20 random iterations
ogbn-arxiv,y,True,no-split,5000,1015,0.5540182581176039,4994,2,2,-1.0,0.041820526123046875,20 random iterations
ogbn-arxiv,y,True,no-split,5000,957,0.6424228837195164,4991,2,2,nan,0.04233837127685547,20 random iterations
ogbn-arxiv,y,True,no-split,5000,1313,0.541283335274252,4985,3,5,nan,0.04265165328979492,20 random iterations
ogbn-arxiv,y,True,no-split,5000,1030,0.5922167450646842,4993,2,2,nan,0.04219412803649902,20 random iterations
ogbn-arxiv,y,True,no-split,5000,1054,0.5905811845658689,4995,2,2,-1.0,0.04215502738952637,20 random iterations
ogbn-arxiv,y,True,no-split,7500,2539,0.4799865901967456,7485,3,4,-1.0,0.18345427513122559,22 ordered iterations
ogbn-arxiv,y,True,no-split,7500,2115,0.597122713278521,7490,2,2,nan,0.12598538398742676,22 ordered iterations
ogbn-arxiv,y,True,no-split,7500,2269,0.5690612732113899,7481,4,7,nan,0.12221312522888184,22 ordered iterations
ogbn-arxiv,y,True,no-split,7500,2544,0.56819457658667,7482,2,2,-1.0,0.12654852867126465,22 ordered iterations
ogbn-arxiv,y,True,no-split,7500,2100,0.5833926963347267,7475,3,5,nan,0.1231381893157959,22 ordered iterations
ogbn-arxiv,y,True,no-split,7500,2312,0.6026275956067552,7490,2,2,nan,0.18195295333862305,22 ordered iterations
ogbn-arxiv,y,True,no-split,7500,2312,0.5917526007178856,7481,4,6,nan,0.12484169006347656,22 ordered iterations
ogbn-arxiv,y,True,no-split,7500,2305,0.5929833636360134,7479,4,6,-0.6363636363636366,0.12085628509521484,22 ordered iterations
ogbn-arxiv,y,True,no-split,7500,2705,0.5460519499867711,7478,3,4,-0.3333333333333333,0.1262836456298828,22 ordered iterations
ogbn-arxiv,y,True,no-split,7500,2616,0.5432423560786321,7490,4,7,-0.1666666666666669,0.12190675735473633,22 ordered iterations
ogbn-arxiv,y,True,no-split,7500,2314,0.5995534988576215,7489,2,2,-1.0,0.1839911937713623,22 ordered iterations
ogbn-arxiv,y,True,no-split,7500,2135,0.5821758579737821,7487,2,2,nan,0.12470173835754395,22 ordered iterations
ogbn-arxiv,y,True,no-split,7500,2169,0.6051146894134132,7489,3,4,nan,0.12066888809204102,22 ordered iterations
ogbn-arxiv,y,True,no-split,7500,2206,0.5921318106604755,7481,2,2,nan,0.12533092498779297,22 ordered iterations
ogbn-arxiv,y,True,no-split,7500,2446,0.60211059085726,7480,3,5,nan,0.12129759788513184,22 ordered iterations
ogbn-arxiv,y,True,no-split,7500,2439,0.6171864656762518,7478,3,5,nan,0.18310856819152832,22 ordered iterations
ogbn-arxiv,y,True,no-split,7500,2239,0.5991126884265855,7488,3,4,nan,0.12522625923156738,22 ordered iterations
ogbn-arxiv,y,True,no-split,7500,2171,0.6419051162359313,7482,2,2,nan,0.1209874153137207,22 ordered iterations
ogbn-arxiv,y,True,no-split,7500,1899,0.6244056992403533,7492,2,2,nan,0.1257636547088623,22 ordered iterations
ogbn-arxiv,y,True,no-split,7500,2072,0.6206117466046706,7482,3,4,-0.3333333333333333,0.12346386909484863,22 ordered iterations
ogbn-arxiv,y,True,no-split,7500,2074,0.6271730903796194,7485,2,2,nan,0.18449115753173828,22 ordered iterations
ogbn-arxiv,y,True,no-split,7500,2151,0.5781552339717624,7482,2,2,nan,0.125596284866333,22 ordered iterations
ogbn-arxiv,y,True,no-split,4343,847,0.6292501389094846,4334,3,4,nan,0.09397649765014648,22 ordered iterations
ogbn-arxiv,y,True,no-split,7500,2596,0.5675277980900714,7485,2,2,nan,0.19388699531555176,20 random iterations
ogbn-arxiv,y,True,no-split,7500,2487,0.6065820558341789,7489,3,4,nan,0.13228154182434082,20 random iterations
ogbn-arxiv,y,True,no-split,7500,2241,0.562970229113967,7483,2,2,nan,0.12863707542419434,20 random iterations
ogbn-arxiv,y,True,no-split,7500,2118,0.5964206366216916,7479,2,2,nan,0.13251304626464844,20 random iterations
ogbn-arxiv,y,True,no-split,7500,1839,0.5898272566656788,7486,3,5,nan,0.13049054145812988,20 random iterations
ogbn-arxiv,y,True,no-split,7500,2367,0.5793181987166739,7483,2,2,nan,0.19200754165649414,20 random iterations
ogbn-arxiv,y,True,no-split,7500,2014,0.6001072263711176,7483,2,2,-1.0,0.13155817985534668,20 random iterations
ogbn-arxiv,y,True,no-split,7500,2342,0.5825563849281853,7484,2,2,-1.0,0.12711405754089355,20 random iterations
ogbn-arxiv,y,True,no-split,7500,2249,0.5998356710309174,7476,3,5,nan,0.131758451461792,20 random iterations
ogbn-arxiv,y,True,no-split,7500,2237,0.5899664950582791,7486,3,4,-0.3333333333333333,0.12854456901550293,20 random iterations
ogbn-arxiv,y,True,no-split,7500,2124,0.5923382366091984,7480,2,2,nan,0.19116759300231934,20 random iterations
ogbn-arxiv,y,True,no-split,7500,2207,0.5532559436047217,7482,4,7,nan,0.13074851036071777,20 random iterations
ogbn-arxiv,y,True,no-split,7500,1955,0.627156334628837,7482,3,6,nan,0.12651777267456055,20 random iterations
ogbn-arxiv,y,True,no-split,7500,2361,0.5948442315369261,7490,2,2,nan,0.13165712356567383,20 random iterations
ogbn-arxiv,y,True,no-split,7500,2099,0.6125562809575448,7479,3,6,-0.5000000000000001,0.12830066680908203,20 random iterations
ogbn-arxiv,y,True,no-split,7500,2599,0.4850336571520247,7487,3,3,nan,0.19161534309387207,20 random iterations
ogbn-arxiv,y,True,no-split,7500,2372,0.650432712026265,7476,2,2,nan,0.1309211254119873,20 random iterations
ogbn-arxiv,y,True,no-split,7500,2224,0.6362821007109278,7483,2,2,-1.0,0.12630867958068848,20 random iterations
ogbn-arxiv,y,True,no-split,7500,2058,0.6082138842065564,7480,2,2,nan,0.13053154945373535,20 random iterations
ogbn-arxiv,y,True,no-split,7500,3043,0.5057095851783687,7485,2,2,nan,0.1279740333557129,20 random iterations
ogbn-arxiv,y,True,no-split,10000,4370,0.5028544696078081,9974,3,4,nan,0.20701956748962402,16 ordered iterations
ogbn-arxiv,y,True,no-split,10000,3665,0.5807693607551663,9969,4,7,nan,0.2134249210357666,16 ordered iterations
ogbn-arxiv,y,True,no-split,10000,4560,0.5685009458416789,9967,3,6,-0.5000000000000001,0.14821863174438477,16 ordered iterations
ogbn-arxiv,y,True,no-split,10000,3697,0.6013999616842388,9965,3,5,nan,0.14620280265808105,16 ordered iterations
ogbn-arxiv,y,True,no-split,10000,4443,0.5955766964707099,9972,2,2,nan,0.21777677536010742,16 ordered iterations
ogbn-arxiv,y,True,no-split,10000,4079,0.5830709451620317,9966,4,6,-0.6363636363636366,0.15073370933532715,16 ordered iterations
ogbn-arxiv,y,True,no-split,10000,5001,0.5300706935015966,9964,4,7,-0.20689655172413812,0.21280479431152344,16 ordered iterations
ogbn-arxiv,y,True,no-split,10000,3989,0.58394129932485,9983,3,4,-0.3333333333333333,0.217637300491333,16 ordered iterations
ogbn-arxiv,y,True,no-split,10000,3821,0.5804856665319391,9974,4,6,-0.28571428571428553,0.14928174018859863,16 ordered iterations
ogbn-arxiv,y,True,no-split,10000,4048,0.5865213573545252,9981,3,4,nan,0.20968365669250488,16 ordered iterations
ogbn-arxiv,y,True,no-split,10000,4077,0.5932289662210695,9968,3,3,-0.5000000000000001,0.21574139595031738,16 ordered iterations
ogbn-arxiv,y,True,no-split,10000,4240,0.6142176773777184,9962,4,7,nan,0.14851760864257812,16 ordered iterations
ogbn-arxiv,y,True,no-split,10000,4019,0.6030670245331553,9981,3,4,nan,0.20659160614013672,16 ordered iterations
ogbn-arxiv,y,True,no-split,10000,3514,0.6352049256754299,9974,3,4,-1.0,0.21378779411315918,16 ordered iterations
ogbn-arxiv,y,True,no-split,10000,3633,0.6057459161069465,9966,3,5,nan,0.1482372283935547,16 ordered iterations
ogbn-arxiv,y,True,no-split,10000,3754,0.5963576912626117,9968,2,2,nan,0.14680933952331543,16 ordered iterations
ogbn-arxiv,y,True,no-split,9343,3661,0.6051427872158587,9313,3,4,nan,0.1409299373626709,16 ordered iterations
ogbn-arxiv,y,True,no-split,10000,3990,0.6029774179777149,9967,3,4,nan,0.21784663200378418,20 random iterations
ogbn-arxiv,y,True,no-split,10000,4526,0.5920959158205146,9970,3,4,-1.0,0.2246854305267334,20 random iterations
ogbn-arxiv,y,True,no-split,10000,3860,0.6040453814220748,9976,3,3,nan,0.15486955642700195,20 random iterations
ogbn-arxiv,y,True,no-split,10000,3960,0.60940584705794,9971,4,7,-0.48484848484848475,0.1540067195892334,20 random iterations
ogbn-arxiv,y,True,no-split,10000,3717,0.5824093610058562,9976,2,2,-1.0,0.1541602611541748,20 random iterations
ogbn-arxiv,y,True,no-split,10000,4068,0.6008392293363451,9965,3,4,nan,0.22941327095031738,20 random iterations
ogbn-arxiv,y,True,no-split,10000,3941,0.6024854550628317,9967,2,2,-1.0,0.15864300727844238,20 random iterations
ogbn-arxiv,y,True,no-split,10000,3566,0.5956587325589577,9967,3,4,-1.0,0.22179269790649414,20 random iterations
ogbn-arxiv,y,True,no-split,10000,4012,0.556851965839229,9972,4,7,-0.1666666666666669,0.15511250495910645,20 random iterations
ogbn-arxiv,y,True,no-split,10000,4310,0.6136277748344772,9963,3,5,nan,0.15362977981567383,20 random iterations
ogbn-arxiv,y,True,no-split,10000,3830,0.5719726159197249,9966,7,20,-0.17647058823529377,0.15408539772033691,20 random iterations
ogbn-arxiv,y,True,no-split,10000,4249,0.5873244336482453,9962,3,4,-0.3333333333333333,0.15384721755981445,20 random iterations
ogbn-arxiv,y,True,no-split,10000,3836,0.5846927363011398,9969,3,5,nan,0.15408778190612793,20 random iterations
ogbn-arxiv,y,True,no-split,10000,3661,0.5907572208388312,9961,5,9,nan,0.15367817878723145,20 random iterations
ogbn-arxiv,y,True,no-split,10000,3918,0.6013802860406008,9966,4,6,nan,0.22947072982788086,20 random iterations
ogbn-arxiv,y,True,no-split,10000,4046,0.6056162940004304,9970,3,4,nan,0.15801692008972168,20 random iterations
ogbn-arxiv,y,True,no-split,10000,3679,0.6120899031033866,9977,2,2,nan,0.22176480293273926,20 random iterations
ogbn-arxiv,y,True,no-split,10000,3776,0.5849058435726527,9983,2,2,nan,0.15338730812072754,20 random iterations
ogbn-arxiv,y,True,no-split,10000,4556,0.5393121614262311,9967,3,4,nan,0.15398931503295898,20 random iterations
ogbn-arxiv,y,True,no-split,10000,4386,0.5537588208882706,9971,2,2,nan,0.15309453010559082,20 random iterations
ogbn-arxiv,y,True,no-split,25000,25198,0.5566289145568941,24805,6,15,-0.21621621621621626,0.48412322998046875,6 ordered iterations
ogbn-arxiv,y,True,no-split,25000,24922,0.5926285004613896,24813,4,8,nan,0.5614759922027588,6 ordered iterations
ogbn-arxiv,y,True,no-split,25000,28391,0.5595200426307554,24813,8,22,-0.11392405063291214,0.4852771759033203,6 ordered iterations
ogbn-arxiv,y,True,no-split,25000,25531,0.59566481440544,24807,4,6,-0.28571428571428586,0.48665356636047363,6 ordered iterations
ogbn-arxiv,y,True,no-split,25000,23650,0.618466169753458,24820,6,13,-0.24468085106382975,0.5676004886627197,6 ordered iterations
ogbn-arxiv,y,True,no-split,25000,24552,0.6048230559127851,24816,4,7,-0.23529411764705874,0.49138784408569336,6 ordered iterations
ogbn-arxiv,y,True,no-split,50000,102971,0.574162305591948,49210,19,66,-0.03125000000000031,1.2701406478881836,3 ordered iterations
ogbn-arxiv,y,True,no-split,50000,106148,0.5778164301535339,49208,19,54,-0.07329192546583863,1.186302661895752,3 ordered iterations
ogbn-arxiv,y,True,no-split,50000,96099,0.6128632490793815,49265,15,29,-0.05454545454545381,1.1813879013061523,3 ordered iterations
ogbn-arxiv,y,True,no-split,25000,25427,0.5957180762243124,24810,5,8,nan,0.5226318836212158,5 random iterations
ogbn-arxiv,y,True,no-split,25000,24609,0.6035423283627283,24832,4,6,nan,0.6049778461456299,5 random iterations
ogbn-arxiv,y,True,no-split,25000,24585,0.6034174952633875,24792,6,8,0.3333333333333333,0.517974853515625,5 random iterations
ogbn-arxiv,y,True,no-split,25000,26183,0.5963618951652472,24786,6,10,-0.19999999999999996,0.523658275604248,5 random iterations
ogbn-arxiv,y,True,no-split,25000,27937,0.5779103958623725,24828,3,4,nan,0.6088416576385498,5 random iterations
ogbn-arxiv,y,True,no-split,50000,100805,0.5967845035832975,49222,13,24,nan,1.4038946628570557,5 random iterations
ogbn-arxiv,y,True,no-split,50000,103316,0.5848434079190568,49188,16,60,-0.040462427745661625,1.3109970092773438,5 random iterations
ogbn-arxiv,y,True,no-split,50000,107127,0.5889536065877111,49159,10,32,-0.07692307692307693,1.3007323741912842,5 random iterations
ogbn-arxiv,y,True,no-split,50000,104868,0.5880089759083005,49193,25,74,0.054916985951468364,1.2920551300048828,5 random iterations
ogbn-arxiv,y,True,no-split,50000,97805,0.6020571322405843,49190,26,63,0.04032258064516122,1.4241583347320557,5 random iterations
ogbn-arxiv,y,True,no-split,84670,301272,0.5730083377451907,82294,53,197,-0.01228775692582627,2.435307264328003,2 ordered iterations
ogbn-arxiv,y,True,no-split,84670,281650,0.6041890808139754,82237,28,107,-0.027611044417766947,2.427539348602295,2 ordered iterations
ogbn-arxiv,y,True,no-split,84670,286760,0.6018103305332946,82184,56,326,-0.026676546869208537,2.623093366622925,5 random iterations
ogbn-arxiv,y,True,no-split,84670,283621,0.6066266385672149,82284,37,110,0.2207307979120057,2.66855788230896,5 random iterations
ogbn-arxiv,y,True,no-split,84670,291300,0.584062590299074,81927,418,1172,0.5730009345482102,2.5414910316467285,5 random iterations
ogbn-arxiv,y,True,no-split,84670,286713,0.5892409906070164,82108,197,765,0.22561806501849244,2.2807888984680176,5 random iterations
ogbn-arxiv,y,True,no-split,84670,286377,0.6033297991903251,82292,39,92,0.3677533039647577,2.412938117980957,5 random iterations
