Dataset name,Feature studied,Directed,First split,Num nodes,Num edges,Homophily,Num CC,BCC num nodes,BCC num edges,BCC homophily,Execution time,Type split
CoauthorCS,y,False,no-split,18333,81894,0.7845426903288957,1,18333,81894,0.7845426903288957,0.9741690158843994,1 ordered iterations
CoauthorCS,y,False,no-split,9166,22154,0.8182308398654241,776,8112,21828,0.8162483032672045,0.3341550827026367,2 ordered iterations
CoauthorCS,y,False,no-split,9166,22939,0.7417559517859668,894,8012,22649,0.7393753362235373,0.3294031620025635,2 ordered iterations
CoauthorCS,y,False,no-split,9166,20693,0.7922019193009772,819,8101,20408,0.7900176341620743,0.3362853527069092,2 random2 iterations
CoauthorCS,y,False,no-split,9166,20080,0.7838416575986361,888,7949,19699,0.7809387715617906,0.3308238983154297,2 random2 iterations
CoauthorCS,y,False,no-split,6111,10557,0.8172354636711643,1037,4729,10162,0.8142668924235295,0.18137764930725098,3 ordered iterations
CoauthorCS,y,False,no-split,6111,9520,0.7734242839276941,1181,4550,9097,0.7672247685447858,0.17374515533447266,3 ordered iterations
CoauthorCS,y,False,no-split,6111,9796,0.7468291864446983,1197,4590,9447,0.7400197455099604,0.16914629936218262,3 ordered iterations
CoauthorCS,y,False,no-split,6111,9074,0.781695075588747,1210,4513,8650,0.7758780029837515,0.18393778800964355,3 random2 iterations
CoauthorCS,y,False,no-split,6111,9175,0.7885862948727638,1178,4607,8804,0.7836172205878461,0.1864485740661621,3 random2 iterations
CoauthorCS,y,False,no-split,6111,9100,0.78223663984237,1195,4537,8684,0.7762955674741397,0.18461394309997559,3 random2 iterations
CoauthorCS,y,False,no-split,4583,5276,0.7773222360450921,1214,3015,4863,0.7669136202919947,0.12772083282470703,4 random2 iterations
CoauthorCS,y,False,no-split,4583,5078,0.7840804997686938,1276,2867,4593,0.7700022563245718,0.125075101852417,4 random2 iterations
CoauthorCS,y,False,no-split,4583,5030,0.7887604557751016,1322,2803,4516,0.7788057489460332,0.12350893020629883,4 random2 iterations
CoauthorCS,y,False,no-split,4583,5109,0.7769139173137409,1300,2858,4655,0.7669335744449955,0.12497854232788086,4 random2 iterations
CoauthorCS,y,False,no-split,1833,1068,0.8051134086562306,962,444,582,0.7704082427136593,0.031682729721069336,10 ordered iterations
CoauthorCS,y,False,no-split,1833,1058,0.8158516506050849,966,478,641,0.8081447634712239,0.032338619232177734,10 ordered iterations
CoauthorCS,y,False,no-split,1833,957,0.8137339267491025,1051,419,549,0.7647835269271384,0.031215190887451172,10 ordered iterations
CoauthorCS,y,False,no-split,1833,795,0.8447977137217367,1141,136,172,0.7610177586730928,0.026911020278930664,10 ordered iterations
CoauthorCS,y,False,no-split,1833,827,0.7911484310878213,1103,215,255,0.782146450743265,0.028416872024536133,10 ordered iterations
CoauthorCS,y,False,no-split,1833,1023,0.7176528733062291,995,546,715,0.6870397240697091,0.03324437141418457,10 ordered iterations
CoauthorCS,y,False,no-split,1833,1008,0.774484156431016,1016,460,603,0.6998699484610569,0.03152108192443848,10 ordered iterations
CoauthorCS,y,False,no-split,1833,999,0.7394542102666632,1023,525,701,0.6868515550406584,0.032663822174072266,10 ordered iterations
CoauthorCS,y,False,no-split,1833,965,0.7576653192897052,1005,488,596,0.6887708759925691,0.03174853324890137,10 ordered iterations
CoauthorCS,y,False,no-split,1833,735,0.7623530754307886,1172,190,221,0.6448372840498193,0.02687239646911621,10 ordered iterations
CoauthorCS,y,False,no-split,4583,6363,0.8180877765992081,1061,3211,6020,0.8144164060789703,0.11955595016479492,4 ordered iterations
CoauthorCS,y,False,no-split,4583,5125,0.8178069444666027,1357,2738,4565,0.8077625667671575,0.10835838317871094,4 ordered iterations
CoauthorCS,y,False,no-split,4583,6180,0.7345522716852031,1196,3079,5847,0.7274464802735311,0.11695432662963867,4 ordered iterations
CoauthorCS,y,False,no-split,4583,5296,0.7562403670738945,1297,2876,4862,0.7458157399610689,0.10795021057128906,4 ordered iterations
CoauthorCS,y,False,no-split,1833,809,0.7815035559361876,1108,213,254,0.6899778491026625,0.02974414825439453,10 random2 iterations
CoauthorCS,y,False,no-split,1833,796,0.79506423199344,1123,159,192,0.7053762262289692,0.028842449188232422,10 random2 iterations
CoauthorCS,y,False,no-split,1833,806,0.7505442451647425,1141,324,414,0.6952043355260915,0.0314486026763916,10 random2 iterations
CoauthorCS,y,False,no-split,1833,780,0.806809373322998,1138,63,71,0.5528341497550735,0.027086734771728516,10 random2 iterations
CoauthorCS,y,False,no-split,1833,827,0.7721662282411693,1109,109,125,0.4788894802199753,0.027971267700195312,10 random2 iterations
CoauthorCS,y,False,no-split,1833,788,0.8041177441860045,1125,160,192,0.8171219567950624,0.028926610946655273,10 random2 iterations
CoauthorCS,y,False,no-split,1833,809,0.7916516720363078,1100,349,395,0.7321802103319435,0.031463623046875,10 random2 iterations
CoauthorCS,y,False,no-split,1833,770,0.7783947336611684,1131,154,169,0.610769478799604,0.028888463973999023,10 random2 iterations
CoauthorCS,y,False,no-split,1833,760,0.7712335581449669,1141,251,281,0.706934762770224,0.030527830123901367,10 random2 iterations
CoauthorCS,y,False,no-split,1833,822,0.76408791472832,1108,283,343,0.6078879679908546,0.031171798706054688,10 random2 iterations
CoauthorCS,y,False,no-split,916,259,0.8563094717729733,684,42,55,0.751580849141825,0.013693571090698242,20 ordered iterations
CoauthorCS,y,False,no-split,916,284,0.7346846336768202,651,32,34,0.32756489493201457,0.013311147689819336,20 ordered iterations
CoauthorCS,y,False,no-split,916,285,0.7855251725718507,655,28,31,0.32302092811646954,0.013273000717163086,20 ordered iterations
CoauthorCS,y,False,no-split,916,245,0.8096185737976783,690,20,24,0.6423248882265276,0.012935876846313477,20 ordered iterations
CoauthorCS,y,False,no-split,916,261,0.8337447248984793,690,19,27,nan,0.014079093933105469,20 ordered iterations
CoauthorCS,y,False,no-split,916,225,0.81436919903747,701,16,15,0.6551724137931035,0.013129472732543945,20 ordered iterations
CoauthorCS,y,False,no-split,916,175,0.8623105599370566,751,14,15,-0.08433734939759097,0.012457132339477539,20 ordered iterations
CoauthorCS,y,False,no-split,916,202,0.8191609898026271,720,17,16,0.36,0.012850522994995117,20 ordered iterations
CoauthorCS,y,False,no-split,916,209,0.8660050264143203,717,20,21,0.6848030018761726,0.013091087341308594,20 ordered iterations
CoauthorCS,y,False,no-split,916,213,0.6861427804348098,720,15,19,0.20833333333333376,0.013063669204711914,20 ordered iterations
CoauthorCS,y,False,no-split,916,238,0.6901622367966863,693,47,50,0.2819663076498205,0.01346588134765625,20 ordered iterations
CoauthorCS,y,False,no-split,916,256,0.7124639283924591,674,49,57,0.45129498051799216,0.013531923294067383,20 ordered iterations
CoauthorCS,y,False,no-split,916,271,0.7489016376987284,674,84,105,0.5535171911067912,0.013916730880737305,20 ordered iterations
CoauthorCS,y,False,no-split,916,269,0.8102753789006785,667,23,24,-0.02127659574468149,0.013210296630859375,20 ordered iterations
CoauthorCS,y,False,no-split,916,246,0.7233136026993796,679,61,65,0.5727817514015079,0.013825178146362305,20 ordered iterations
CoauthorCS,y,False,no-split,916,231,0.7744263006564315,697,66,73,0.5719869706840396,0.013659954071044922,20 ordered iterations
CoauthorCS,y,False,no-split,916,235,0.7946637540958027,691,28,27,0.6086956521739131,0.012996196746826172,20 ordered iterations
CoauthorCS,y,False,no-split,916,250,0.7189306874152332,678,40,42,0.6227031441404656,0.013329029083251953,20 ordered iterations
CoauthorCS,y,False,no-split,916,170,0.7803484545656431,752,14,13,0.2427184466019419,0.01263570785522461,20 ordered iterations
CoauthorCS,y,False,no-split,916,208,0.7926874049205268,717,18,19,0.44927536231884063,0.012957096099853516,20 ordered iterations
CoauthorCS,y,False,no-split,916,190,0.7747877622937692,736,10,10,nan,0.013606548309326172,20 random2 iterations
CoauthorCS,y,False,no-split,916,187,0.8463386112954712,736,18,18,0.8226600985221675,0.013349056243896484,20 random2 iterations
CoauthorCS,y,False,no-split,916,222,0.6937543827380473,709,23,23,0.5119363395225465,0.013756990432739258,20 random2 iterations
CoauthorCS,y,False,no-split,916,215,0.7698932224904796,707,22,22,0.8099352051835855,0.013170242309570312,20 random2 iterations
CoauthorCS,y,False,no-split,916,203,0.7456919350797583,725,21,22,-0.056000000000001895,0.013349533081054688,20 random2 iterations
CoauthorCS,y,False,no-split,916,216,0.8095284751990204,722,21,25,0.43253467843631765,0.01338052749633789,20 random2 iterations
CoauthorCS,y,False,no-split,916,212,0.8211382113821137,711,18,19,0.25123152709359614,0.013339519500732422,20 random2 iterations
CoauthorCS,y,False,no-split,916,192,0.7695645483920605,729,14,16,-0.03225806451612903,0.013146638870239258,20 random2 iterations
CoauthorCS,y,False,no-split,916,192,0.808046440377328,736,13,13,-0.11827956989247333,0.013515710830688477,20 random2 iterations
CoauthorCS,y,False,no-split,916,205,0.8138578429408859,718,9,9,nan,0.012895584106445312,20 random2 iterations
CoauthorCS,y,False,no-split,916,224,0.728164503623799,708,61,69,0.669717020977052,0.014027118682861328,20 random2 iterations
CoauthorCS,y,False,no-split,916,213,0.7924210052850557,720,14,15,0.6296296296296298,0.013376951217651367,20 random2 iterations
CoauthorCS,y,False,no-split,916,191,0.7162005293380179,733,26,27,0.44225352112676064,0.013389110565185547,20 random2 iterations
CoauthorCS,y,False,no-split,916,213,0.8362229332539625,722,14,19,0.07317073170731715,0.013440847396850586,20 random2 iterations
CoauthorCS,y,False,no-split,916,209,0.7787931590835753,719,20,25,0.4974874371859296,0.01338052749633789,20 random2 iterations
CoauthorCS,y,False,no-split,916,194,0.8100043032452406,737,11,13,-0.09243697478991596,0.013100147247314453,20 random2 iterations
CoauthorCS,y,False,no-split,916,192,0.747132421629734,727,20,20,0.6374622356495468,0.013271331787109375,20 random2 iterations
CoauthorCS,y,False,no-split,916,197,0.7675415875208657,733,15,15,0.6385542168674699,0.013101339340209961,20 random2 iterations
CoauthorCS,y,False,no-split,916,196,0.7568740955137483,731,26,28,0.5653298835705046,0.013478517532348633,20 random2 iterations
CoauthorCS,y,False,no-split,916,196,0.8158651870119195,733,10,12,-0.06666666666666794,0.013312816619873047,20 random2 iterations
