Dataset name,Feature studied,Directed,First split,Num nodes,Num edges,Homophily,Num CC,BCC num nodes,BCC num edges,BCC homophily,Execution time,Type split
ogbn-arxiv,y,True,no-split,169343,1166243,0.5891983720194952,141223,23164,223310,0.6224168512555169,7.362393379211426,1 ordered iterations
ogbn-arxiv,y,True,no-split,84671,301284,0.5730039928957096,82295,53,197,-0.01228775692582627,2.7599713802337646,2 ordered iterations
ogbn-arxiv,y,True,no-split,84671,281657,0.6041978632315878,82238,28,107,-0.027611044417766947,2.7721099853515625,2 ordered iterations
ogbn-arxiv,y,True,no-split,84671,292153,0.5876548107284927,82002,295,1057,0.5316102862224923,3.017129898071289,2 random2 iterations
ogbn-arxiv,y,True,no-split,84671,290791,0.5918333431507152,82249,41,101,0.14609401420358517,3.0777032375335693,2 random2 iterations
ogbn-arxiv,y,True,no-split,56447,130834,0.5744479051968244,55427,27,76,0.5177664974619288,1.5965995788574219,3 ordered iterations
ogbn-arxiv,y,True,no-split,56447,133849,0.5817013810710101,55411,28,88,-0.020800000000000058,1.7063078880310059,3 ordered iterations
ogbn-arxiv,y,True,no-split,56447,123666,0.6120892855031136,55463,17,42,-0.039603960396039306,1.3356976509094238,3 ordered iterations
ogbn-arxiv,y,True,no-split,56447,127766,0.601500230915736,55411,17,32,-0.12,1.773749828338623,3 random2 iterations
ogbn-arxiv,y,True,no-split,56447,130901,0.5921797984757631,55378,18,43,0.3266219239373603,1.8080418109893799,3 random2 iterations
ogbn-arxiv,y,True,no-split,56447,130007,0.5738275197656074,55456,23,84,0.03289473684210549,1.6132795810699463,3 random2 iterations
ogbn-arxiv,y,True,no-split,42335,73729,0.5688387662046376,41777,18,57,-0.03636363636363601,1.1087229251861572,4 ordered iterations
ogbn-arxiv,y,True,no-split,42335,77116,0.5743225099827978,41792,12,37,-0.1212121212121221,1.0983941555023193,4 ordered iterations
ogbn-arxiv,y,True,no-split,42335,72858,0.6003798277480704,41778,10,21,0.06962025316455701,1.119112253189087,4 ordered iterations
ogbn-arxiv,y,True,no-split,42335,68078,0.61193807427219,41802,9,24,-0.04347826086956655,1.1210885047912598,4 ordered iterations
ogbn-arxiv,y,True,no-split,42335,69370,0.5899975539849163,41748,12,32,0.02040816326530612,1.2156174182891846,4 random2 iterations
ogbn-arxiv,y,True,no-split,42335,75452,0.5904908171073209,41728,15,44,0.0,1.2350139617919922,4 random2 iterations
ogbn-arxiv,y,True,no-split,42335,70509,0.5989384114813175,41799,6,12,nan,1.2303791046142578,4 random2 iterations
ogbn-arxiv,y,True,no-split,42335,76129,0.5773567634088006,41778,14,49,nan,1.2660398483276367,4 random2 iterations
ogbn-arxiv,y,True,no-split,16934,11284,0.6089790669151262,16857,5,10,-0.11111111111111262,0.4366905689239502,10 random2 iterations
ogbn-arxiv,y,True,no-split,16934,11226,0.60430056161503,16858,4,6,nan,0.45299291610717773,10 random2 iterations
ogbn-arxiv,y,True,no-split,16934,12823,0.5368110818583973,16855,4,6,nan,0.36736321449279785,10 random2 iterations
ogbn-arxiv,y,True,no-split,16934,12868,0.5816112197347425,16844,6,14,nan,0.4505009651184082,10 random2 iterations
ogbn-arxiv,y,True,no-split,16934,11349,0.5845407059334548,16842,3,4,-0.5,0.4608466625213623,10 random2 iterations
ogbn-arxiv,y,True,no-split,16934,12060,0.5924238819493627,16847,8,21,-0.08620689655172394,0.3644559383392334,10 random2 iterations
ogbn-arxiv,y,True,no-split,16934,11478,0.5984046949818979,16832,5,9,-0.125,0.4489767551422119,10 random2 iterations
ogbn-arxiv,y,True,no-split,16934,11883,0.5685678432257845,16858,5,12,nan,0.36012983322143555,10 random2 iterations
ogbn-arxiv,y,True,no-split,16934,10779,0.6105841560770382,16848,7,12,nan,0.36350131034851074,10 random2 iterations
ogbn-arxiv,y,True,no-split,16934,10876,0.5984297738413898,16840,4,7,nan,0.450502872467041,10 random2 iterations
ogbn-arxiv,y,True,no-split,16934,11733,0.5382859976843299,16849,4,7,-0.1666666666666668,0.4174642562866211,10 ordered iterations
ogbn-arxiv,y,True,no-split,16934,11559,0.576892097477795,16847,7,14,nan,0.4299328327178955,10 ordered iterations
ogbn-arxiv,y,True,no-split,16934,12091,0.5963129869406288,16845,4,6,nan,0.33797597885131836,10 ordered iterations
ogbn-arxiv,y,True,no-split,16934,12763,0.5632350047641377,16837,4,7,-0.20689655172413812,0.4126625061035156,10 ordered iterations
ogbn-arxiv,y,True,no-split,16934,12224,0.5685736541479187,16872,6,13,-0.11428571428571377,0.42992281913757324,10 ordered iterations
ogbn-arxiv,y,True,no-split,16934,11443,0.5895845678070168,16844,3,4,nan,0.3380272388458252,10 ordered iterations
ogbn-arxiv,y,True,no-split,16934,11684,0.6070869725693591,16851,3,3,-0.5000000000000001,0.4249410629272461,10 ordered iterations
ogbn-arxiv,y,True,no-split,16934,11544,0.6154878459673396,16855,4,8,nan,0.44126439094543457,10 ordered iterations
ogbn-arxiv,y,True,no-split,16934,10095,0.618833644495271,16858,4,7,nan,0.34456443786621094,10 ordered iterations
ogbn-arxiv,y,True,no-split,16934,11694,0.5899275862754666,16844,4,7,-0.23529411764705874,0.4321553707122803,10 ordered iterations
ogbn-arxiv,y,True,no-split,8467,3198,0.4791370782544153,8449,3,4,-1.0,0.22724390029907227,20 ordered iterations
ogbn-arxiv,y,True,no-split,8467,2700,0.5956596786087632,8451,3,4,-0.45454545454545453,0.15058350563049316,20 ordered iterations
ogbn-arxiv,y,True,no-split,8467,3300,0.5614402959338124,8448,2,2,nan,0.15506315231323242,20 ordered iterations
ogbn-arxiv,y,True,no-split,8467,2466,0.5877600620758614,8446,3,4,-1.0,0.15074396133422852,20 ordered iterations
ogbn-arxiv,y,True,no-split,8467,3093,0.5991573376961353,8448,2,2,nan,0.15030169486999512,20 ordered iterations
ogbn-arxiv,y,True,no-split,8467,2923,0.5979507198235836,8444,4,6,nan,0.2309269905090332,20 ordered iterations
ogbn-arxiv,y,True,no-split,8467,2887,0.5884128339572168,8445,3,4,-1.0,0.15105462074279785,20 ordered iterations
ogbn-arxiv,y,True,no-split,8467,3461,0.5429889732201385,8442,3,4,-0.3333333333333333,0.22997498512268066,20 ordered iterations
ogbn-arxiv,y,True,no-split,8467,3314,0.5422883500704899,8452,4,7,-0.1666666666666669,0.1529238224029541,20 ordered iterations
ogbn-arxiv,y,True,no-split,8467,2835,0.6170358233687677,8454,2,2,nan,0.22968602180480957,20 ordered iterations
ogbn-arxiv,y,True,no-split,8467,2639,0.5804824839856869,8445,3,5,-0.36363636363636376,0.15039443969726562,20 ordered iterations
ogbn-arxiv,y,True,no-split,8467,3046,0.5901722940217997,8449,2,2,nan,0.23342442512512207,20 ordered iterations
ogbn-arxiv,y,True,no-split,8467,2935,0.5977318860671536,8447,3,3,-0.5000000000000001,0.1535494327545166,20 ordered iterations
ogbn-arxiv,y,True,no-split,8467,2929,0.6156705413168276,8443,3,5,nan,0.1471266746520996,20 ordered iterations
ogbn-arxiv,y,True,no-split,8467,3019,0.6179898795951244,8450,3,4,nan,0.15072846412658691,20 ordered iterations
ogbn-arxiv,y,True,no-split,8467,2795,0.6195926019929316,8442,2,2,nan,0.22761225700378418,20 ordered iterations
ogbn-arxiv,y,True,no-split,8467,2429,0.6249664246406617,8454,2,2,-1.0,0.15007662773132324,20 ordered iterations
ogbn-arxiv,y,True,no-split,8467,2596,0.6253956502780924,8451,2,2,nan,0.22702980041503906,20 ordered iterations
ogbn-arxiv,y,True,no-split,8467,2786,0.5764075350095398,8443,2,2,nan,0.15072298049926758,20 ordered iterations
ogbn-arxiv,y,True,no-split,8467,3090,0.6070168861014068,8442,3,4,nan,0.23518037796020508,20 ordered iterations
ogbn-arxiv,y,True,no-split,8467,2812,0.62135094694694,8448,2,2,nan,0.23946905136108398,20 random2 iterations
ogbn-arxiv,y,True,no-split,8467,2611,0.5404372514999872,8439,2,2,-1.0,0.15850591659545898,20 random2 iterations
ogbn-arxiv,y,True,no-split,8467,3352,0.5547878043434888,8447,3,4,-0.3333333333333333,0.2401103973388672,20 random2 iterations
ogbn-arxiv,y,True,no-split,8467,3573,0.6141702591605178,8437,2,2,nan,0.16004085540771484,20 random2 iterations
ogbn-arxiv,y,True,no-split,8467,2705,0.6068570436344242,8440,3,4,-0.6,0.2355959415435791,20 random2 iterations
ogbn-arxiv,y,True,no-split,8467,2926,0.5518649046250695,8445,3,5,nan,0.15802812576293945,20 random2 iterations
ogbn-arxiv,y,True,no-split,8467,2954,0.594161514461215,8442,3,4,-0.3333333333333333,0.16147446632385254,20 random2 iterations
ogbn-arxiv,y,True,no-split,8467,3178,0.6028051970242632,8455,2,2,nan,0.24129104614257812,20 random2 iterations
ogbn-arxiv,y,True,no-split,8467,2480,0.5955078681630172,8454,2,2,nan,0.159407377243042,20 random2 iterations
ogbn-arxiv,y,True,no-split,8467,2812,0.6195680764758438,8448,3,4,nan,0.15371131896972656,20 random2 iterations
ogbn-arxiv,y,True,no-split,8467,2882,0.5796759732755048,8450,2,2,nan,0.15728044509887695,20 random2 iterations
ogbn-arxiv,y,True,no-split,8467,2770,0.5788133995007131,8443,4,6,nan,0.24208331108093262,20 random2 iterations
ogbn-arxiv,y,True,no-split,8467,3102,0.557627051409289,8446,3,5,nan,0.1580805778503418,20 random2 iterations
ogbn-arxiv,y,True,no-split,8467,3535,0.5302917282276043,8450,2,2,nan,0.2372908592224121,20 random2 iterations
ogbn-arxiv,y,True,no-split,8467,3212,0.5518987518365169,8452,2,2,-1.0,0.15919280052185059,20 random2 iterations
ogbn-arxiv,y,True,no-split,8467,2541,0.6319460414274173,8451,2,2,nan,0.24154043197631836,20 random2 iterations
ogbn-arxiv,y,True,no-split,8467,2502,0.5969270548170994,8451,2,2,nan,0.1588141918182373,20 random2 iterations
ogbn-arxiv,y,True,no-split,8467,2827,0.5920498243064838,8437,2,2,nan,0.2369239330291748,20 random2 iterations
ogbn-arxiv,y,True,no-split,8467,2847,0.643851160647428,8444,3,4,-0.5,0.16070079803466797,20 random2 iterations
ogbn-arxiv,y,True,no-split,8467,2437,0.6086141133850621,8446,3,4,-0.3333333333333333,0.239837646484375,20 random2 iterations
ogbn-arxiv,y,True,no-split,3386,463,0.576947846429063,3383,2,2,-1.0,0.10065793991088867,50 random2 iterations
ogbn-arxiv,y,True,no-split,3386,418,0.5886187301565903,3383,2,2,nan,0.030643701553344727,50 random2 iterations
ogbn-arxiv,y,True,no-split,3386,761,0.5209408353442766,3382,3,5,-0.36363636363636376,0.030798673629760742,50 random2 iterations
ogbn-arxiv,y,True,no-split,3386,390,0.6292746541389417,3383,2,2,nan,0.1029810905456543,50 random2 iterations
ogbn-arxiv,y,True,no-split,3386,517,0.5574000837481972,3385,2,2,nan,0.02998948097229004,50 random2 iterations
ogbn-arxiv,y,True,no-split,3386,479,0.6102963362068967,3382,2,2,nan,0.09849715232849121,50 random2 iterations
ogbn-arxiv,y,True,no-split,3386,386,0.5951374845311038,3383,2,2,nan,0.10463285446166992,50 random2 iterations
ogbn-arxiv,y,True,no-split,3386,385,0.6150031048136709,3382,2,2,nan,0.02643585205078125,50 random2 iterations
ogbn-arxiv,y,True,no-split,3386,627,0.5612070075363695,3382,2,2,nan,0.09553670883178711,50 random2 iterations
ogbn-arxiv,y,True,no-split,3386,639,0.5704313766418743,3381,2,2,nan,0.10138821601867676,50 random2 iterations
ogbn-arxiv,y,True,no-split,3386,403,0.6411781465916376,3384,2,2,-1.0,0.02654862403869629,50 random2 iterations
ogbn-arxiv,y,True,no-split,3386,565,0.5963459521790172,3385,2,2,nan,0.10008406639099121,50 random2 iterations
ogbn-arxiv,y,True,no-split,3386,375,0.6644322600588971,3384,2,2,nan,0.026478052139282227,50 random2 iterations
ogbn-arxiv,y,True,no-split,3386,394,0.6236923398349477,3382,2,2,nan,0.026610136032104492,50 random2 iterations
ogbn-arxiv,y,True,no-split,3386,569,0.650805902041769,3381,2,2,nan,0.09983301162719727,50 random2 iterations
ogbn-arxiv,y,True,no-split,3386,394,0.629426800870759,3385,2,2,-1.0,0.02639484405517578,50 random2 iterations
ogbn-arxiv,y,True,no-split,3386,434,0.5813600353482237,3381,2,2,nan,0.09543657302856445,50 random2 iterations
ogbn-arxiv,y,True,no-split,3386,404,0.6014136356943012,3384,2,2,nan,0.10468482971191406,50 random2 iterations
ogbn-arxiv,y,True,no-split,3386,516,0.6206060038402099,3382,3,4,nan,0.026710033416748047,50 random2 iterations
ogbn-arxiv,y,True,no-split,3386,417,0.5638162497085181,3383,2,2,nan,0.09682440757751465,50 random2 iterations
ogbn-arxiv,y,True,no-split,3386,423,0.5840789758313505,3381,2,2,nan,0.10056352615356445,50 random2 iterations
ogbn-arxiv,y,True,no-split,3386,427,0.6323707429488798,3382,2,2,nan,0.026482820510864258,50 random2 iterations
ogbn-arxiv,y,True,no-split,3386,520,0.6251035532767615,3380,2,2,nan,0.09646201133728027,50 random2 iterations
ogbn-arxiv,y,True,no-split,3386,417,0.5370024400135631,3379,2,2,nan,0.026403427124023438,50 random2 iterations
ogbn-arxiv,y,True,no-split,3386,798,0.4439087061952587,3384,2,2,nan,0.026811599731445312,50 random2 iterations
ogbn-arxiv,y,True,no-split,3386,515,0.5651364651618878,3382,2,2,-1.0,0.09860420227050781,50 random2 iterations
ogbn-arxiv,y,True,no-split,3386,518,0.5601210776458344,3383,2,2,-1.0,0.026715993881225586,50 random2 iterations
ogbn-arxiv,y,True,no-split,3386,428,0.62586421551747,3382,2,2,nan,0.026641130447387695,50 random2 iterations
ogbn-arxiv,y,True,no-split,3386,357,0.6240979603692576,3381,2,2,nan,0.09903240203857422,50 random2 iterations
ogbn-arxiv,y,True,no-split,3386,484,0.5923523961930433,3383,2,2,nan,0.026701927185058594,50 random2 iterations
ogbn-arxiv,y,True,no-split,3386,502,0.6795388499833261,3376,2,2,nan,0.0941629409790039,50 random2 iterations
ogbn-arxiv,y,True,no-split,3386,496,0.532908073493624,3383,2,2,-1.0,0.10172605514526367,50 random2 iterations
ogbn-arxiv,y,True,no-split,3386,422,0.5896190841613632,3383,2,2,nan,0.026688575744628906,50 random2 iterations
ogbn-arxiv,y,True,no-split,3386,420,0.5819827574612311,3380,2,2,-1.0,0.09657454490661621,50 random2 iterations
ogbn-arxiv,y,True,no-split,3386,371,0.6359298863021117,3380,2,2,-1.0,0.10159540176391602,50 random2 iterations
ogbn-arxiv,y,True,no-split,3386,578,0.5720589329563213,3381,2,2,nan,0.0271146297454834,50 random2 iterations
ogbn-arxiv,y,True,no-split,3386,554,0.5439021892727683,3381,2,2,nan,0.09842586517333984,50 random2 iterations
ogbn-arxiv,y,True,no-split,3386,442,0.6117475298807195,3381,2,2,nan,0.026630878448486328,50 random2 iterations
ogbn-arxiv,y,True,no-split,3386,488,0.559768740031898,3381,3,4,-0.3333333333333333,0.02654862403869629,50 random2 iterations
ogbn-arxiv,y,True,no-split,3386,487,0.5854968443267567,3384,2,2,nan,0.09974479675292969,50 random2 iterations
ogbn-arxiv,y,True,no-split,3386,383,0.5765094264577202,3385,2,2,nan,0.026618242263793945,50 random2 iterations
ogbn-arxiv,y,True,no-split,3386,412,0.5161853124328968,3384,2,2,nan,0.09456205368041992,50 random2 iterations
ogbn-arxiv,y,True,no-split,3386,519,0.5411766258213774,3386,1,0,0.0,0.09972786903381348,50 random2 iterations
ogbn-arxiv,y,True,no-split,3386,382,0.6081739752713394,3385,2,2,nan,0.026390552520751953,50 random2 iterations
ogbn-arxiv,y,True,no-split,3386,444,0.6337027870440115,3382,2,2,nan,0.09575009346008301,50 random2 iterations
ogbn-arxiv,y,True,no-split,3386,448,0.6158138402971325,3383,2,2,nan,0.10280346870422363,50 random2 iterations
ogbn-arxiv,y,True,no-split,3386,456,0.5835840137516114,3383,2,2,nan,0.02666616439819336,50 random2 iterations
ogbn-arxiv,y,True,no-split,3386,422,0.6474592055438005,3384,2,2,nan,0.0984349250793457,50 random2 iterations
ogbn-arxiv,y,True,no-split,3386,468,0.527122023439653,3383,2,2,-1.0,0.02660202980041504,50 random2 iterations
ogbn-arxiv,y,True,no-split,3386,414,0.6117259304911707,3385,2,2,nan,0.02625560760498047,50 random2 iterations
ogbn-arxiv,y,True,no-split,3386,595,0.3850798226767113,3381,3,4,-1.0,0.09909200668334961,50 ordered iterations
ogbn-arxiv,y,True,no-split,3386,427,0.5944123253060114,3384,2,2,-1.0,0.029180526733398438,50 ordered iterations
ogbn-arxiv,y,True,no-split,3386,457,0.6078351916189433,3386,1,0,0.0,0.028656721115112305,50 ordered iterations
ogbn-arxiv,y,True,no-split,3386,439,0.5708855260299761,3386,1,0,0.0,0.1021428108215332,50 ordered iterations
ogbn-arxiv,y,True,no-split,3386,409,0.610006284628665,3382,2,2,nan,0.028272151947021484,50 ordered iterations
ogbn-arxiv,y,True,no-split,3386,446,0.5851612608705576,3382,2,2,nan,0.094268798828125,50 ordered iterations
ogbn-arxiv,y,True,no-split,3386,530,0.585841902427762,3381,2,2,-1.0,0.09808850288391113,50 ordered iterations
ogbn-arxiv,y,True,no-split,3386,692,0.4925713012753476,3383,2,2,nan,0.028465747833251953,50 ordered iterations
ogbn-arxiv,y,True,no-split,3386,380,0.5830827495408222,3382,2,2,nan,0.09468507766723633,50 ordered iterations
ogbn-arxiv,y,True,no-split,3386,324,0.621864164797063,3381,2,2,nan,0.10015082359313965,50 ordered iterations
ogbn-arxiv,y,True,no-split,3386,519,0.5948114181106815,3382,2,2,nan,0.02786874771118164,50 ordered iterations
ogbn-arxiv,y,True,no-split,3386,434,0.6145310799484607,3384,2,2,nan,0.09741473197937012,50 ordered iterations
ogbn-arxiv,y,True,no-split,3386,519,0.5776799975889818,3384,2,2,nan,0.028128623962402344,50 ordered iterations
ogbn-arxiv,y,True,no-split,3386,542,0.5615764553042157,3384,2,2,-1.0,0.028271913528442383,50 ordered iterations
ogbn-arxiv,y,True,no-split,3386,400,0.6801014018198005,3384,2,2,-1.0,0.09673953056335449,50 ordered iterations
ogbn-arxiv,y,True,no-split,3386,496,0.5737910864769523,3383,2,2,nan,0.028168439865112305,50 ordered iterations
ogbn-arxiv,y,True,no-split,3386,381,0.5979057591623037,3381,2,2,-1.0,0.0919952392578125,50 ordered iterations
ogbn-arxiv,y,True,no-split,3386,515,0.5795489335646494,3384,2,2,-1.0,0.10023117065429688,50 ordered iterations
ogbn-arxiv,y,True,no-split,3386,429,0.5188133746752703,3383,2,2,nan,0.028014421463012695,50 ordered iterations
ogbn-arxiv,y,True,no-split,3386,642,0.5505519195076681,3380,2,2,nan,0.09484338760375977,50 ordered iterations
ogbn-arxiv,y,True,no-split,3386,571,0.5391427168239633,3386,1,0,0.0,0.10190916061401367,50 ordered iterations
ogbn-arxiv,y,True,no-split,3386,503,0.5359555636706101,3386,1,0,0.0,0.0282900333404541,50 ordered iterations
ogbn-arxiv,y,True,no-split,3386,466,0.5827974364293436,3383,2,2,nan,0.09998798370361328,50 ordered iterations
ogbn-arxiv,y,True,no-split,3386,460,0.6275943906266461,3383,2,2,nan,0.02792525291442871,50 ordered iterations
ogbn-arxiv,y,True,no-split,3386,400,0.606700870876643,3385,2,2,nan,0.02827143669128418,50 ordered iterations
ogbn-arxiv,y,True,no-split,3386,404,0.5673812681280184,3384,2,2,nan,0.09918546676635742,50 ordered iterations
ogbn-arxiv,y,True,no-split,3386,449,0.6154874887087503,3378,2,2,nan,0.02884078025817871,50 ordered iterations
ogbn-arxiv,y,True,no-split,3386,465,0.5945828126362289,3385,2,2,-1.0,0.09580135345458984,50 ordered iterations
ogbn-arxiv,y,True,no-split,3386,465,0.5295915340776679,3383,2,2,-1.0,0.1014566421508789,50 ordered iterations
ogbn-arxiv,y,True,no-split,3386,521,0.6129450525111204,3380,2,2,nan,0.02859973907470703,50 ordered iterations
ogbn-arxiv,y,True,no-split,3386,392,0.6265658520485468,3386,1,0,0.0,0.09540247917175293,50 ordered iterations
ogbn-arxiv,y,True,no-split,3386,607,0.5635949070666334,3385,2,2,nan,0.10306024551391602,50 ordered iterations
ogbn-arxiv,y,True,no-split,3386,418,0.6525032329576945,3379,3,4,nan,0.028339385986328125,50 ordered iterations
ogbn-arxiv,y,True,no-split,3386,481,0.6671382656435019,3380,2,2,nan,0.09730386734008789,50 ordered iterations
ogbn-arxiv,y,True,no-split,3386,458,0.5756153316909692,3385,2,2,nan,0.028113842010498047,50 ordered iterations
ogbn-arxiv,y,True,no-split,3386,497,0.624996150332098,3382,2,2,nan,0.028713464736938477,50 ordered iterations
ogbn-arxiv,y,True,no-split,3386,532,0.6186034057586083,3381,2,2,nan,0.09969687461853027,50 ordered iterations
ogbn-arxiv,y,True,no-split,3386,450,0.5796655059680405,3383,2,2,nan,0.028397321701049805,50 ordered iterations
ogbn-arxiv,y,True,no-split,3386,416,0.6318840579710147,3382,2,2,nan,0.09332561492919922,50 ordered iterations
ogbn-arxiv,y,True,no-split,3386,425,0.621551955008034,3382,2,2,nan,0.10155940055847168,50 ordered iterations
ogbn-arxiv,y,True,no-split,3386,349,0.6374227779529895,3384,2,2,nan,0.028232574462890625,50 ordered iterations
ogbn-arxiv,y,True,no-split,3386,403,0.6331360946745562,3383,2,2,nan,0.09645462036132812,50 ordered iterations
ogbn-arxiv,y,True,no-split,3386,429,0.5962892078005481,3381,3,5,nan,0.1010596752166748,50 ordered iterations
ogbn-arxiv,y,True,no-split,3386,451,0.6136316907682815,3385,2,2,nan,0.028536558151245117,50 ordered iterations
ogbn-arxiv,y,True,no-split,3386,384,0.667874424367096,3385,2,2,nan,0.09705638885498047,50 ordered iterations
ogbn-arxiv,y,True,no-split,3386,488,0.5900086471189371,3384,2,2,-1.0,0.028331756591796875,50 ordered iterations
ogbn-arxiv,y,True,no-split,3386,379,0.579542933214999,3380,2,2,-1.0,0.0282742977142334,50 ordered iterations
ogbn-arxiv,y,True,no-split,3386,446,0.5732611982611984,3381,2,2,nan,0.0993952751159668,50 ordered iterations
ogbn-arxiv,y,True,no-split,3386,515,0.5740523556543582,3381,2,2,nan,0.02821636199951172,50 ordered iterations
ogbn-arxiv,y,True,no-split,3386,536,0.6388913675869576,3380,3,4,nan,0.0927584171295166,50 ordered iterations
