Dataset name,Feature studied,Directed,First split,Num nodes,Num edges,Homophily,Num CC,BCC num nodes,BCC num edges,BCC homophily,Execution time,Type split
ogbn-products,y,False,no-split,1224514,23622185,0.7888747883927707,60873,1134055,23445389,0.7875676904205624,194.18353295326233,2 ordered iterations
ogbn-products,y,False,no-split,1224514,9575815,0.8058447837353356,107861,1100627,9545445,0.8053731302494177,89.86459255218506,2 ordered iterations
ogbn-products,y,False,no-split,2449029,61859140,0.791069854196984,52658,2385902,61806431,0.7908852504934727,509.81675267219543,1 ordered iterations
ogbn-products,y,False,no-split,1224514,15500950,0.7900415234214123,74555,1114996,15291824,0.7877324685581404,141.28966617584229,2 random2 iterations
ogbn-products,y,False,no-split,1224514,15436352,0.7920473037667821,75199,1139831,15415597,0.7918049467409689,137.5417823791504,2 random2 iterations
ogbn-products,y,False,no-split,816343,6883976,0.7908113966848578,77214,730664,6870109,0.7904861807244509,65.40060520172119,3 random2 iterations
ogbn-products,y,False,no-split,816343,6874359,0.7924962127195768,77169,714402,6771643,0.7900116227132293,63.05799722671509,3 random2 iterations
ogbn-products,y,False,no-split,816343,6862117,0.7902470932139846,77460,714399,6765984,0.7878581421549843,63.96294116973877,3 random2 iterations
ogbn-products,y,False,no-split,816343,15113529,0.7906766818856575,53033,746192,15041884,0.7898407197425502,121.89563322067261,3 ordered iterations
ogbn-products,y,False,no-split,816343,4254275,0.8060549535952843,108846,673418,4130935,0.8014601265139937,40.80290174484253,3 ordered iterations
ogbn-products,y,False,no-split,816343,4263517,0.8053259134768612,108630,691773,4238556,0.8045389074309756,41.63226556777954,3 ordered iterations
ogbn-products,y,False,no-split,612257,11660901,0.7935020660011272,44341,557284,11624109,0.7929397057072053,91.70042991638184,4 ordered iterations
ogbn-products,y,False,no-split,612257,2397033,0.8057377851151303,106436,477207,2320720,0.8008399043265929,25.317291498184204,4 ordered iterations
ogbn-products,y,False,no-split,612257,2388682,0.8065472152829076,105677,477733,2310323,0.8015651639028636,23.36438536643982,4 ordered iterations
ogbn-products,y,False,no-split,612257,2398631,0.8054883144158914,105083,478743,2321043,0.800504643342779,23.49061942100525,4 ordered iterations
ogbn-products,y,False,no-split,612257,3836290,0.7935784684016848,76424,516147,3776851,0.7910579982913076,39.161792516708374,4 random2 iterations
ogbn-products,y,False,no-split,612257,3871316,0.7900092800800302,76424,516271,3809921,0.7873184073354439,39.438862323760986,4 random2 iterations
ogbn-products,y,False,no-split,612257,3860887,0.7915736650852365,76181,516857,3803500,0.7891942017024234,37.6578688621521,4 random2 iterations
ogbn-products,y,False,no-split,612257,3896243,0.788782343601387,76289,516528,3839182,0.7863402632347862,39.451205253601074,4 random2 iterations
ogbn-products,y,False,no-split,244902,617074,0.790739912400593,62519,172558,602518,0.7878531651096125,7.8357415199279785,10 random2 iterations
ogbn-products,y,False,no-split,244902,615450,0.7899033042279625,62933,171996,600101,0.7864878293726625,8.123213052749634,10 random2 iterations
ogbn-products,y,False,no-split,244902,625343,0.7889800308567465,61952,173194,609944,0.785242551075152,8.115970373153687,10 random2 iterations
ogbn-products,y,False,no-split,244902,610040,0.7944839763041461,62987,171769,594420,0.7910224476773229,8.37274956703186,10 random2 iterations
ogbn-products,y,False,no-split,244902,616162,0.7919871367914413,62776,172303,601036,0.7886066708644558,7.8916590213775635,10 random2 iterations
ogbn-products,y,False,no-split,244902,615167,0.7908068702775725,62700,172234,599870,0.7874782325774029,8.16062307357788,10 random2 iterations
ogbn-products,y,False,no-split,244902,624346,0.7905866551086341,62622,172482,608720,0.7869417544719446,8.132481336593628,10 random2 iterations
ogbn-products,y,False,no-split,244902,618803,0.7911491094243324,62904,171994,603364,0.787756434262237,8.028424739837646,10 random2 iterations
ogbn-products,y,False,no-split,244902,626021,0.7848926368434636,62150,173022,611177,0.7813010482478516,8.470563411712646,10 random2 iterations
ogbn-products,y,False,no-split,244902,614715,0.7938112278812167,62900,172044,599704,0.7905529390917108,7.778253078460693,10 random2 iterations
ogbn-products,y,False,no-split,244902,6804381,0.807951779403966,3517,240753,6799064,0.8077905148069643,46.842124938964844,10 ordered iterations
ogbn-products,y,False,no-split,244902,378208,0.8095417252045246,84672,140708,350126,0.8009737061995097,5.2464635372161865,10 ordered iterations
ogbn-products,y,False,no-split,244902,381343,0.809023617383986,84528,141297,353499,0.8008898297211964,5.310771703720093,10 ordered iterations
ogbn-products,y,False,no-split,244902,386202,0.80613631169398,84200,141452,358634,0.7975945018794993,5.27323055267334,10 ordered iterations
ogbn-products,y,False,no-split,244902,382212,0.8068284920208064,84281,140602,352914,0.7981093162675502,5.286408424377441,10 ordered iterations
ogbn-products,y,False,no-split,244902,383905,0.806827935027672,84041,141021,355293,0.7983196375810719,5.277503252029419,10 ordered iterations
ogbn-products,y,False,no-split,244902,376279,0.8084449541387555,84517,140327,346941,0.799344245876088,5.202632904052734,10 ordered iterations
ogbn-products,y,False,no-split,244902,390287,0.8014354459055023,83486,142043,362184,0.7924280964895655,5.054267406463623,10 ordered iterations
ogbn-products,y,False,no-split,244902,382961,0.8064220033196401,83807,141760,355418,0.7982170653720104,5.247682809829712,10 ordered iterations
ogbn-products,y,False,no-split,244902,380539,0.8098755185571903,84189,140699,350595,0.8014939365056937,4.9539635181427,10 ordered iterations
ogbn-products,y,False,no-split,122451,2117634,0.8057796534689105,1167,120997,2116237,0.8056473588055529,14.042988538742065,20 ordered iterations
ogbn-products,y,False,no-split,122451,1330136,0.8113979483994898,5243,116783,1328686,0.8111913676952407,8.956266164779663,20 ordered iterations
ogbn-products,y,False,no-split,122451,93622,0.8111263277691381,63504,42490,73438,0.7942968033803792,1.9371428489685059,20 ordered iterations
ogbn-products,y,False,no-split,122451,95316,0.8084248564497103,63338,42065,73770,0.7867379795515717,1.9707040786743164,20 ordered iterations
ogbn-products,y,False,no-split,122451,94288,0.8119195101160511,63440,41719,72674,0.795448164747786,1.7866275310516357,20 ordered iterations
ogbn-products,y,False,no-split,122451,96239,0.8064164562015462,62922,43229,76031,0.7905229288098345,1.9219958782196045,20 ordered iterations
ogbn-products,y,False,no-split,122451,95394,0.810003950664761,63186,42406,74165,0.7924167768185685,1.8872320652008057,20 ordered iterations
ogbn-products,y,False,no-split,122451,97777,0.8011900408278883,62413,44137,78389,0.7811088874370171,1.87711501121521,20 ordered iterations
ogbn-products,y,False,no-split,122451,95611,0.8071694111553508,62890,42936,74990,0.7879618599635578,1.8491580486297607,20 ordered iterations
ogbn-products,y,False,no-split,122451,95591,0.8073771394716354,63008,41901,73514,0.7849987793096185,1.854201078414917,20 ordered iterations
ogbn-products,y,False,no-split,122451,95803,0.809373667703898,62606,43521,75687,0.7908899904673046,1.9009404182434082,20 ordered iterations
ogbn-products,y,False,no-split,122451,96014,0.8008512846148264,62945,43795,76782,0.7837466916454321,1.7645492553710938,20 ordered iterations
ogbn-products,y,False,no-split,122451,94466,0.8071139786637377,63338,42736,74316,0.7865068143206166,1.8449053764343262,20 ordered iterations
ogbn-products,y,False,no-split,122451,94063,0.8114767044227017,63140,41975,72341,0.7907528824001772,1.8313071727752686,20 ordered iterations
ogbn-products,y,False,no-split,122451,97264,0.8054076595341183,62530,44038,77916,0.7884316635225675,1.876905918121338,20 ordered iterations
ogbn-products,y,False,no-split,122451,98037,0.7992834075413083,62443,43598,77990,0.7804806386430345,1.8811955451965332,20 ordered iterations
ogbn-products,y,False,no-split,122451,96059,0.8093391680196478,62617,43862,76628,0.7907664119814877,1.8662309646606445,20 ordered iterations
ogbn-products,y,False,no-split,122451,95039,0.8060202739818383,63049,43061,75153,0.7896783339400077,1.8623614311218262,20 ordered iterations
ogbn-products,y,False,no-split,122451,95509,0.8100883474584866,62924,42829,74463,0.7921584413110493,1.8490090370178223,20 ordered iterations
ogbn-products,y,False,no-split,122451,94976,0.810235441470494,62963,42388,73876,0.7911455564515529,1.869924545288086,20 ordered iterations
ogbn-products,y,False,no-split,122451,154120,0.7853174459937454,48160,67242,145403,0.779747465153283,2.7748119831085205,20 random2 iterations
ogbn-products,y,False,no-split,122451,154381,0.7862668585494921,48019,67349,145605,0.7805359860009243,2.770056962966919,20 random2 iterations
ogbn-products,y,False,no-split,122451,155258,0.791466370736379,47887,67895,147113,0.7865214368760417,2.8011586666107178,20 random2 iterations
ogbn-products,y,False,no-split,122451,154805,0.7857990913908035,48496,67003,146366,0.7809064888270558,2.8036651611328125,20 random2 iterations
ogbn-products,y,False,no-split,122451,156356,0.788453401493872,47946,67717,148223,0.7840654383514618,2.8370230197906494,20 random2 iterations
ogbn-products,y,False,no-split,122451,153193,0.792474800543172,48274,67268,144748,0.7869457117188302,2.7944600582122803,20 random2 iterations
ogbn-products,y,False,no-split,122451,154232,0.7882883671759621,48192,67264,145850,0.7824918342728707,2.779872179031372,20 random2 iterations
ogbn-products,y,False,no-split,122451,152718,0.7943269321286418,48023,67485,144308,0.7893889835635385,2.7771878242492676,20 random2 iterations
ogbn-products,y,False,no-split,122451,152794,0.7931724166844115,48319,67398,144719,0.788279284864962,2.7834463119506836,20 random2 iterations
ogbn-products,y,False,no-split,122451,153733,0.7917366427670216,48024,67505,145190,0.7860698936596326,2.802992343902588,20 random2 iterations
ogbn-products,y,False,no-split,122451,155449,0.7924028358307842,47813,67593,146733,0.7865141872546647,2.8300158977508545,20 random2 iterations
ogbn-products,y,False,no-split,122451,155576,0.794505387127322,48108,67457,146992,0.7889140761106157,2.601849317550659,20 random2 iterations
ogbn-products,y,False,no-split,122451,153887,0.7918114491128675,48242,67426,145477,0.786014905154786,2.7771060466766357,20 random2 iterations
ogbn-products,y,False,no-split,122451,157069,0.7911715917766898,47594,68301,148892,0.7859358724145417,2.828120470046997,20 random2 iterations
ogbn-products,y,False,no-split,122451,157451,0.7933566091767293,47830,67946,149265,0.7885920537436341,2.7776238918304443,20 random2 iterations
ogbn-products,y,False,no-split,122451,153715,0.7925422349731145,47976,67544,145371,0.7873872342769855,2.759772777557373,20 random2 iterations
ogbn-products,y,False,no-split,122451,155867,0.7877897887194726,47701,68072,147656,0.7827199150347688,2.7871885299682617,20 random2 iterations
ogbn-products,y,False,no-split,122451,153363,0.7907054298030807,48238,67324,144685,0.7854009831900964,2.797503709793091,20 random2 iterations
ogbn-products,y,False,no-split,122451,153899,0.7919375620188794,48190,67222,144994,0.7857046908978459,2.805192708969116,20 random2 iterations
ogbn-products,y,False,no-split,122451,155401,0.7936867859635961,47792,67802,146864,0.7877405894950239,2.826704978942871,20 random2 iterations
ogbn-products,y,False,no-split,48980,24971,0.7807713199614953,29983,13688,18995,0.7624969083036585,0.882227897644043,50 random2 iterations
ogbn-products,y,False,no-split,48980,24776,0.7900635371224074,30176,12517,17521,0.772401337409597,0.8724441528320312,50 random2 iterations
ogbn-products,y,False,no-split,48980,24780,0.7804795153891136,30112,12611,17613,0.757717390938094,0.7174942493438721,50 random2 iterations
ogbn-products,y,False,no-split,48980,24440,0.7994974160863667,30226,12793,17513,0.7831750331146292,0.8715944290161133,50 random2 iterations
ogbn-products,y,False,no-split,48980,24761,0.7929272837440208,30218,12837,17982,0.7809818544616688,0.8736073970794678,50 random2 iterations
ogbn-products,y,False,no-split,48980,23761,0.7974138167134706,30426,12339,16649,0.7822760304599202,0.8665771484375,50 random2 iterations
ogbn-products,y,False,no-split,48980,24346,0.7865686417159748,30318,12743,17640,0.7675154174753925,0.8736567497253418,50 random2 iterations
ogbn-products,y,False,no-split,48980,24656,0.7978152753469475,30153,13040,17942,0.7844231205139709,0.8782515525817871,50 random2 iterations
ogbn-products,y,False,no-split,48980,24988,0.7960578233157457,30062,13138,18250,0.778151300579234,0.8851094245910645,50 random2 iterations
ogbn-products,y,False,no-split,48980,25069,0.7798651012569376,29950,13457,18789,0.7601029348797278,0.7272496223449707,50 random2 iterations
ogbn-products,y,False,no-split,48980,25076,0.8003567821432336,30067,13392,18760,0.789864979204309,0.884253978729248,50 random2 iterations
ogbn-products,y,False,no-split,48980,24267,0.7861522684835346,30320,12425,17069,0.7680521370244305,0.8744471073150635,50 random2 iterations
ogbn-products,y,False,no-split,48980,24919,0.7989176914238991,29870,13059,17928,0.7903476823752188,0.7240471839904785,50 random2 iterations
ogbn-products,y,False,no-split,48980,25122,0.7880869022820872,29898,13704,19114,0.7745876412905274,0.8858113288879395,50 random2 iterations
ogbn-products,y,False,no-split,48980,24474,0.795297643005671,30150,13508,18456,0.7824833727753425,0.8831536769866943,50 random2 iterations
ogbn-products,y,False,no-split,48980,25089,0.7808126731191811,29881,13588,18749,0.7642109579600624,0.727863073348999,50 random2 iterations
ogbn-products,y,False,no-split,48980,24821,0.7792082998332062,29899,13360,18313,0.7572416679749786,0.8787915706634521,50 random2 iterations
ogbn-products,y,False,no-split,48980,24249,0.7953961112092596,30169,12930,17572,0.7844113632142798,0.8787808418273926,50 random2 iterations
ogbn-products,y,False,no-split,48980,25680,0.7733645258575803,29601,13773,19241,0.7554492017142356,0.733576774597168,50 random2 iterations
ogbn-products,y,False,no-split,48980,24647,0.7811024885270325,30130,13322,18360,0.7658552962527287,0.8523068428039551,50 random2 iterations
ogbn-products,y,False,no-split,48980,25107,0.7956953286116579,30124,13192,18602,0.7760058289463587,0.882134199142456,50 random2 iterations
ogbn-products,y,False,no-split,48980,25660,0.7947986071371469,29708,13860,19510,0.7826125317894889,0.8867230415344238,50 random2 iterations
ogbn-products,y,False,no-split,48980,25655,0.7997520962091841,29740,13930,19680,0.7918049715002651,0.894719123840332,50 random2 iterations
ogbn-products,y,False,no-split,48980,24935,0.792254224935976,30069,13409,18646,0.7808361614705868,0.7307994365692139,50 random2 iterations
ogbn-products,y,False,no-split,48980,23920,0.8037997060671377,30600,12263,16860,0.7925310180014767,0.8733437061309814,50 random2 iterations
ogbn-products,y,False,no-split,48980,24701,0.7886361718800298,30172,13196,18343,0.772691093198326,0.7238802909851074,50 random2 iterations
ogbn-products,y,False,no-split,48980,25182,0.7911454382479426,29860,13463,18630,0.7731121388849969,0.8792123794555664,50 random2 iterations
ogbn-products,y,False,no-split,48980,24843,0.8002504691284824,30094,13061,18057,0.7832363359523853,0.8780288696289062,50 random2 iterations
ogbn-products,y,False,no-split,48980,24121,0.7850970224350259,30519,12203,16899,0.7600309701551432,0.8707728385925293,50 random2 iterations
ogbn-products,y,False,no-split,48980,24601,0.8008421125721673,30162,12746,17564,0.7899129160470858,0.8760457038879395,50 random2 iterations
ogbn-products,y,False,no-split,48980,24776,0.786938900521495,30219,12356,17270,0.7593965708189808,0.8790690898895264,50 random2 iterations
ogbn-products,y,False,no-split,48980,25119,0.7872753982954628,30074,13373,18871,0.7737326352682248,0.7257204055786133,50 random2 iterations
ogbn-products,y,False,no-split,48980,23881,0.791489345538807,30586,12094,16654,0.774490857545239,1.006978988647461,50 random2 iterations
ogbn-products,y,False,no-split,48980,25174,0.7933125148328015,29912,13149,18402,0.7806344741052631,0.7282447814941406,50 random2 iterations
ogbn-products,y,False,no-split,48980,24502,0.7850346484401266,30148,13347,18241,0.7687268706630622,0.8870890140533447,50 random2 iterations
ogbn-products,y,False,no-split,48980,24712,0.7898047289780198,30101,13281,18404,0.7731002833939106,0.729766845703125,50 random2 iterations
ogbn-products,y,False,no-split,48980,24271,0.7972445720041706,30208,13055,17901,0.787083364894857,0.8394327163696289,50 random2 iterations
ogbn-products,y,False,no-split,48980,24462,0.7888120081623123,30118,12704,17349,0.7672820409406252,0.8649687767028809,50 random2 iterations
ogbn-products,y,False,no-split,48980,25710,0.7916135042622695,29800,13638,19399,0.7785211735773574,0.8786509037017822,50 random2 iterations
ogbn-products,y,False,no-split,48980,24833,0.7828556852543676,30047,12914,17929,0.7610571464711231,0.8739681243896484,50 random2 iterations
ogbn-products,y,False,no-split,48980,24734,0.7850077307244298,30120,13243,18415,0.761014721443731,0.7215960025787354,50 random2 iterations
ogbn-products,y,False,no-split,48980,24915,0.7900288956974305,29848,13532,18601,0.7717326259465832,0.8776028156280518,50 random2 iterations
ogbn-products,y,False,no-split,48980,24076,0.7946430608771862,30472,12290,16910,0.7801132108194793,0.8682861328125,50 random2 iterations
ogbn-products,y,False,no-split,48980,24749,0.783490842667887,30227,13145,18338,0.7642008248122053,0.7208054065704346,50 random2 iterations
ogbn-products,y,False,no-split,48980,24720,0.7809228962625792,30115,13523,18675,0.7604766895475715,0.8433997631072998,50 random2 iterations
ogbn-products,y,False,no-split,48980,24329,0.7912285194704266,30071,12587,17044,0.7687905087715009,0.8583545684814453,50 random2 iterations
ogbn-products,y,False,no-split,48980,24988,0.7910254619716462,30074,12897,18037,0.7757688911057763,0.8684227466583252,50 random2 iterations
ogbn-products,y,False,no-split,48980,24241,0.803380469340097,30271,12880,17492,0.7872995348566534,0.8709263801574707,50 random2 iterations
ogbn-products,y,False,no-split,48980,24697,0.7940498758204096,30056,12972,17935,0.7817681561644698,0.716261625289917,50 random2 iterations
ogbn-products,y,False,no-split,48980,24758,0.7918919735662667,30161,12902,18070,0.7802931076976636,0.8697507381439209,50 random2 iterations
ogbn-products,y,False,no-split,48980,337245,0.8053939711893014,1395,47412,336859,0.8052578036060122,2.123617649078369,50 ordered iterations
ogbn-products,y,False,no-split,48980,338960,0.8046745583658651,1411,47431,338713,0.8045799625342329,2.1644725799560547,50 ordered iterations
ogbn-products,y,False,no-split,48980,338988,0.8030059692508292,1384,47453,338670,0.802862610438754,2.1868698596954346,50 ordered iterations
ogbn-products,y,False,no-split,48980,338125,0.8074191531604472,1342,47498,337817,0.807259968264025,2.1824285984039307,50 ordered iterations
ogbn-products,y,False,no-split,48980,80080,0.8398267696629532,12717,34166,77363,0.839955758932271,0.9203686714172363,50 ordered iterations
ogbn-products,y,False,no-split,48980,15272,0.8168294844912101,36228,3099,4276,0.7653370703734702,0.5837428569793701,50 ordered iterations
ogbn-products,y,False,no-split,48980,14820,0.8006718664810828,36437,3449,4523,0.6825766647973097,0.6719512939453125,50 ordered iterations
ogbn-products,y,False,no-split,48980,14998,0.8161928299162914,36331,3073,4132,0.7437709992578306,0.5858922004699707,50 ordered iterations
ogbn-products,y,False,no-split,48980,15671,0.8064770327838174,35995,3754,5015,0.7191504869890096,0.6752467155456543,50 ordered iterations
ogbn-products,y,False,no-split,48980,15200,0.8137013173004141,36245,3437,4729,0.7350120725901034,0.5866150856018066,50 ordered iterations
ogbn-products,y,False,no-split,48980,14921,0.8164155016818497,36435,2955,3980,0.7380975494879173,0.6659054756164551,50 ordered iterations
ogbn-products,y,False,no-split,48980,15213,0.8089267346321569,36220,3731,5048,0.7369588662443185,0.5889077186584473,50 ordered iterations
ogbn-products,y,False,no-split,48980,15231,0.808323707897177,36356,3280,4537,0.7084282618258538,0.6672945022583008,50 ordered iterations
ogbn-products,y,False,no-split,48980,15335,0.8020349978697835,36066,2954,3931,0.7001486746243077,0.5806517601013184,50 ordered iterations
ogbn-products,y,False,no-split,48980,15539,0.8016860391250747,36102,3277,4651,0.7224918291056258,0.6688592433929443,50 ordered iterations
ogbn-products,y,False,no-split,48980,15490,0.8115181180157849,35953,3598,4756,0.7247650866799819,0.5827300548553467,50 ordered iterations
ogbn-products,y,False,no-split,48980,14770,0.8142716302113919,36530,2356,3067,0.7057397376456167,0.5816967487335205,50 ordered iterations
ogbn-products,y,False,no-split,48980,15598,0.8072710793152991,36007,3888,5328,0.728630839719698,0.6890158653259277,50 ordered iterations
ogbn-products,y,False,no-split,48980,15730,0.8017638556527318,35882,3979,5417,0.6942418964261633,0.6076126098632812,50 ordered iterations
ogbn-products,y,False,no-split,48980,15547,0.805757968605956,36049,3746,5149,0.7255947983214528,0.5946426391601562,50 ordered iterations
ogbn-products,y,False,no-split,48980,15561,0.808550837232856,36039,3604,4880,0.6995383649509146,0.6794028282165527,50 ordered iterations
ogbn-products,y,False,no-split,48980,15045,0.7951806527865185,36216,3101,4136,0.6530174531108397,0.5828680992126465,50 ordered iterations
ogbn-products,y,False,no-split,48980,15318,0.8263428817109284,36170,3289,4481,0.7266268184624717,0.6790821552276611,50 ordered iterations
ogbn-products,y,False,no-split,48980,15262,0.7996677255709738,36230,2751,3648,0.6963130460630381,0.5901803970336914,50 ordered iterations
ogbn-products,y,False,no-split,48980,15360,0.8085499536440957,36137,3332,4603,0.727143794743492,0.5850696563720703,50 ordered iterations
ogbn-products,y,False,no-split,48980,15282,0.8155041981937777,36252,3596,4970,0.7429242272536165,0.6746687889099121,50 ordered iterations
ogbn-products,y,False,no-split,48980,15142,0.811665113353509,36101,3474,4527,0.7260077511538838,0.5850603580474854,50 ordered iterations
ogbn-products,y,False,no-split,48980,15246,0.8012073309970827,36337,3735,5173,0.71315232862931,0.6834914684295654,50 ordered iterations
ogbn-products,y,False,no-split,48980,15604,0.8008403498719888,35953,3133,4238,0.7078624673774331,0.5921957492828369,50 ordered iterations
ogbn-products,y,False,no-split,48980,15245,0.7993238097475301,36159,3286,4421,0.6958028559416914,0.5835585594177246,50 ordered iterations
ogbn-products,y,False,no-split,48980,15253,0.7964121803710973,36268,3584,4926,0.6830080570223679,0.6789238452911377,50 ordered iterations
ogbn-products,y,False,no-split,48980,14570,0.8226510950367639,36670,2817,3854,0.7512379443310206,0.5860786437988281,50 ordered iterations
ogbn-products,y,False,no-split,48980,15084,0.7999483366258923,36305,3347,4566,0.6896995266474019,0.6742985248565674,50 ordered iterations
ogbn-products,y,False,no-split,48980,15040,0.8150039429632425,36290,3219,4388,0.7120082761344693,0.597874641418457,50 ordered iterations
ogbn-products,y,False,no-split,48980,14784,0.8186056145498785,36399,3036,4046,0.729891712964198,0.5796084403991699,50 ordered iterations
ogbn-products,y,False,no-split,48980,15044,0.8081851189931681,36257,3434,4518,0.7139920850935193,0.6731722354888916,50 ordered iterations
ogbn-products,y,False,no-split,48980,15944,0.7958749764946025,35882,3970,5622,0.6957284073790113,0.5964949131011963,50 ordered iterations
ogbn-products,y,False,no-split,48980,15770,0.8063871491534588,35765,3709,4930,0.7313089005383195,0.579735279083252,50 ordered iterations
ogbn-products,y,False,no-split,48980,16042,0.7970593395360156,35771,3924,5434,0.6988076431461556,0.591545581817627,50 ordered iterations
ogbn-products,y,False,no-split,48980,15576,0.8009631338358179,36015,3829,5173,0.7036435400628828,0.6842179298400879,50 ordered iterations
ogbn-products,y,False,no-split,48980,14868,0.8164435789516798,36392,3018,3931,0.7344243443512509,0.5924973487854004,50 ordered iterations
ogbn-products,y,False,no-split,48980,15866,0.8078039377473576,35881,3881,5548,0.7123141471055771,0.5926673412322998,50 ordered iterations
ogbn-products,y,False,no-split,48980,15338,0.8134281379842042,36167,3070,4201,0.7208166576230414,0.6782565116882324,50 ordered iterations
ogbn-products,y,False,no-split,48980,15298,0.8058606738132511,36110,3526,4681,0.7113545038846526,0.5992934703826904,50 ordered iterations
ogbn-products,y,False,no-split,48980,15065,0.8004462071639225,36201,3447,4503,0.6999965258448682,0.5842535495758057,50 ordered iterations
ogbn-products,y,False,no-split,48980,15120,0.8163230949060114,36237,3258,4228,0.7482352658102003,0.6769371032714844,50 ordered iterations
ogbn-products,y,False,no-split,48980,15117,0.8091613213926526,36281,3637,4841,0.727255873498131,0.5997610092163086,50 ordered iterations
ogbn-products,y,False,no-split,48980,15434,0.814843149324243,36102,3546,4708,0.7574908597628172,0.584526538848877,50 ordered iterations
ogbn-products,y,False,no-split,48980,15256,0.8012155941035662,36147,3723,4969,0.704622377470032,0.6783549785614014,50 ordered iterations
ogbn-products,y,False,no-split,48980,14988,0.8100132010421394,36377,3122,4332,0.7204384095804182,0.5909390449523926,50 ordered iterations
ogbn-products,y,False,no-split,24490,83973,0.8091120115351452,1707,22578,83672,0.8090317356123515,0.553558349609375,100 ordered iterations
ogbn-products,y,False,no-split,24490,84643,0.8015246499135098,1662,22600,84320,0.8017357182596602,0.648226261138916,100 ordered iterations
ogbn-products,y,False,no-split,24490,83487,0.8036880092739943,1610,22667,83192,0.8035523634923784,0.5702300071716309,100 ordered iterations
ogbn-products,y,False,no-split,24490,85901,0.8070695153713551,1710,22548,85604,0.8069206514723755,0.6627049446105957,100 ordered iterations
ogbn-products,y,False,no-split,24490,84489,0.808723734441904,1573,22709,84226,0.8088111261230946,0.5726187229156494,100 ordered iterations
ogbn-products,y,False,no-split,24490,84359,0.7960260810512466,1750,22549,84096,0.7957262911424144,0.5724313259124756,100 ordered iterations
ogbn-products,y,False,no-split,24490,85019,0.8106511513154265,1666,22625,84741,0.8103849717729934,0.5747199058532715,100 ordered iterations
ogbn-products,y,False,no-split,24490,84620,0.8044893458770159,1640,22653,84341,0.8041614984103576,0.5743975639343262,100 ordered iterations
ogbn-products,y,False,no-split,24490,26559,0.8443777472565898,7788,14148,23332,0.8435693071474866,0.3332347869873047,100 ordered iterations
ogbn-products,y,False,no-split,24490,14278,0.834041379878457,13476,5739,7864,0.8255902935663825,0.2516634464263916,100 ordered iterations
ogbn-products,y,False,no-split,24490,3696,0.8191602376646991,21051,102,117,0.2989814260035949,0.29088473320007324,100 ordered iterations
ogbn-products,y,False,no-split,24490,3907,0.8125602979690223,20939,173,213,0.1528252129177291,0.3729698657989502,100 ordered iterations
ogbn-products,y,False,no-split,24490,3626,0.803588650847364,21133,68,84,-0.05483465885307589,0.3044257164001465,100 ordered iterations
ogbn-products,y,False,no-split,24490,3846,0.7921748985039363,20974,157,191,0.41146810835037395,0.3030893802642822,100 ordered iterations
ogbn-products,y,False,no-split,24490,3703,0.8323116676242407,21067,168,196,0.7217074724674615,0.3001997470855713,100 ordered iterations
ogbn-products,y,False,no-split,24490,3762,0.8046192556255087,21023,87,103,0.35179358086847085,0.29633522033691406,100 ordered iterations
ogbn-products,y,False,no-split,24490,3919,0.8038055683242934,20919,194,236,0.5965374844993437,0.29140424728393555,100 ordered iterations
ogbn-products,y,False,no-split,24490,3958,0.8097149062289979,20845,175,205,0.57632318274292,0.29706335067749023,100 ordered iterations
ogbn-products,y,False,no-split,24490,3784,0.8074497105413253,21007,123,139,0.6087970408491477,0.2919192314147949,100 ordered iterations
ogbn-products,y,False,no-split,24490,3864,0.8162462725583391,20935,230,278,0.599443533561882,0.2958230972290039,100 ordered iterations
ogbn-products,y,False,no-split,24490,3674,0.8161070677810065,21070,99,118,0.36430976430976364,0.2895336151123047,100 ordered iterations
ogbn-products,y,False,no-split,24490,3751,0.8196729055293667,21025,116,142,0.6238066962042662,0.2962822914123535,100 ordered iterations
ogbn-products,y,False,no-split,24490,3855,0.8113105483743046,20913,173,209,0.28897053820507546,0.2904999256134033,100 ordered iterations
ogbn-products,y,False,no-split,24490,3739,0.8118318927966838,21031,104,140,0.31151068080528677,0.2959768772125244,100 ordered iterations
ogbn-products,y,False,no-split,24490,3728,0.8052217679689196,21067,266,340,0.48771192342268194,0.29345083236694336,100 ordered iterations
ogbn-products,y,False,no-split,24490,3885,0.8122872548654505,20921,140,171,0.2676198274233165,0.2968909740447998,100 ordered iterations
ogbn-products,y,False,no-split,24490,3834,0.7955516481114415,20940,86,106,0.4971338209132239,0.29161620140075684,100 ordered iterations
ogbn-products,y,False,no-split,24490,3798,0.8012716343027314,20981,149,165,0.6528012625408635,0.2952713966369629,100 ordered iterations
ogbn-products,y,False,no-split,24490,3901,0.7985980737294239,20928,223,268,0.4691199299067646,0.291644811630249,100 ordered iterations
ogbn-products,y,False,no-split,24490,3842,0.8121706349429062,20972,120,157,0.21797509474824034,0.2964773178100586,100 ordered iterations
ogbn-products,y,False,no-split,24490,3987,0.8176958670500689,20852,69,84,0.37388795383505646,0.2894308567047119,100 ordered iterations
ogbn-products,y,False,no-split,24490,3812,0.8181851109702527,20974,126,157,0.07789120402740712,0.29558324813842773,100 ordered iterations
ogbn-products,y,False,no-split,24490,3750,0.7999618061451291,21018,125,134,0.4460520876395204,0.37720155715942383,100 ordered iterations
ogbn-products,y,False,no-split,24490,3748,0.814871875462471,21045,93,112,0.07335907335907352,0.3046426773071289,100 ordered iterations
ogbn-products,y,False,no-split,24490,3883,0.8104028882958951,20884,140,163,-0.018749999999993733,0.3028690814971924,100 ordered iterations
ogbn-products,y,False,no-split,24490,3925,0.79638963068959,20896,141,181,0.5375413739039538,0.299649715423584,100 ordered iterations
ogbn-products,y,False,no-split,24490,3971,0.8080190521262839,20892,157,193,0.33675107743443844,0.29598379135131836,100 ordered iterations
ogbn-products,y,False,no-split,24490,3940,0.8010614781538401,20856,168,218,0.4972269507440559,0.291271448135376,100 ordered iterations
ogbn-products,y,False,no-split,24490,4009,0.7964358465645366,20799,295,331,0.7248987908523017,0.369504451751709,100 ordered iterations
ogbn-products,y,False,no-split,24490,3820,0.8061057481482422,20986,201,242,0.637923977020904,0.3044123649597168,100 ordered iterations
ogbn-products,y,False,no-split,24490,3788,0.8032500089119843,21003,263,316,0.5350091968117718,0.30220890045166016,100 ordered iterations
ogbn-products,y,False,no-split,24490,3909,0.8097390046329781,20878,168,197,0.3435866858405528,0.2975578308105469,100 ordered iterations
ogbn-products,y,False,no-split,24490,3696,0.7924513121211395,21068,86,92,0.31354667550986576,0.2943391799926758,100 ordered iterations
ogbn-products,y,False,no-split,24490,3752,0.79238871317217,21010,186,204,0.446806450050845,0.2903149127960205,100 ordered iterations
ogbn-products,y,False,no-split,24490,3814,0.8247056534116017,20961,287,319,0.7176024834456628,0.29532289505004883,100 ordered iterations
ogbn-products,y,False,no-split,24490,3736,0.8217478632754474,21049,191,231,0.4727632379793063,0.2899644374847412,100 ordered iterations
ogbn-products,y,False,no-split,24490,3796,0.8083742614094851,20994,160,213,0.1764082735241924,0.29358506202697754,100 ordered iterations
ogbn-products,y,False,no-split,24490,3746,0.801918534860817,21036,178,203,0.649932098898493,0.37357544898986816,100 ordered iterations
ogbn-products,y,False,no-split,24490,3713,0.8109201403327084,21007,96,102,0.5346840198577753,0.3043665885925293,100 ordered iterations
ogbn-products,y,False,no-split,24490,3946,0.808711719953775,20857,153,195,0.5678864466670661,0.30316972732543945,100 ordered iterations
ogbn-products,y,False,no-split,24490,3820,0.8236757867765321,20995,191,237,0.7674741186819133,0.3007829189300537,100 ordered iterations
ogbn-products,y,False,no-split,24490,3801,0.8189315394153373,21001,146,181,0.5122858792583556,0.29622316360473633,100 ordered iterations
ogbn-products,y,False,no-split,24490,3813,0.8186387836831226,20943,122,142,0.6279328278216683,0.2904093265533447,100 ordered iterations
ogbn-products,y,False,no-split,24490,3809,0.7980975248122373,20948,225,259,0.5820851158692582,0.36897754669189453,100 ordered iterations
ogbn-products,y,False,no-split,24490,3784,0.7900112324516113,20978,158,173,0.44954371699405626,0.30000758171081543,100 ordered iterations
ogbn-products,y,False,no-split,24490,3763,0.8116808275640931,21027,193,236,0.6120352144664835,0.29520535469055176,100 ordered iterations
ogbn-products,y,False,no-split,24490,3929,0.813560929396658,20854,165,207,0.6290232738369136,0.2890968322753906,100 ordered iterations
ogbn-products,y,False,no-split,24490,3915,0.7876820013445706,20874,332,407,0.5970087875847916,0.3717195987701416,100 ordered iterations
ogbn-products,y,False,no-split,24490,3829,0.7894505081052519,20946,97,127,0.37233582504478896,0.30329084396362305,100 ordered iterations
ogbn-products,y,False,no-split,24490,3849,0.8061680376490042,20930,149,166,0.05596891142599869,0.3003873825073242,100 ordered iterations
ogbn-products,y,False,no-split,24490,3818,0.7983424520330464,20982,219,254,0.36884710463284354,0.2977292537689209,100 ordered iterations
ogbn-products,y,False,no-split,24490,3894,0.8026420484503369,20893,484,577,0.6309424644493365,0.29397034645080566,100 ordered iterations
ogbn-products,y,False,no-split,24490,3526,0.8193928683056225,21197,146,187,0.7068424935448174,0.36987829208374023,100 ordered iterations
ogbn-products,y,False,no-split,24490,3737,0.8213871030530736,21045,121,152,0.26942590120160276,0.30020689964294434,100 ordered iterations
ogbn-products,y,False,no-split,24490,3857,0.8042152782326752,20987,140,208,0.34453781512605086,0.29688453674316406,100 ordered iterations
ogbn-products,y,False,no-split,24490,3719,0.8095402562571188,21056,73,82,0.11883691529709184,0.2934548854827881,100 ordered iterations
ogbn-products,y,False,no-split,24490,3850,0.8196928153077049,20944,143,172,0.6885909078050299,0.2877535820007324,100 ordered iterations
ogbn-products,y,False,no-split,24490,3716,0.8137541052802968,21043,109,154,0.3131388217803382,0.29444003105163574,100 ordered iterations
ogbn-products,y,False,no-split,24490,3542,0.8296632856868099,21210,65,74,0.19062500000000016,0.28890132904052734,100 ordered iterations
ogbn-products,y,False,no-split,24490,3922,0.8108685205381237,20888,187,239,0.18801189103925353,0.29439806938171387,100 ordered iterations
ogbn-products,y,False,no-split,24490,3646,0.8224731298419677,21083,63,68,0.742627345844504,0.28929734230041504,100 ordered iterations
ogbn-products,y,False,no-split,24490,3884,0.7959730716014871,20917,296,339,0.5433240490904342,0.29504919052124023,100 ordered iterations
ogbn-products,y,False,no-split,24490,3943,0.7896514613156408,20870,204,250,0.5955386689545288,0.3721184730529785,100 ordered iterations
ogbn-products,y,False,no-split,24490,4017,0.7960502476667715,20799,200,234,0.46413065949968996,0.30492424964904785,100 ordered iterations
ogbn-products,y,False,no-split,24490,3900,0.8160553614775471,20880,175,196,0.39318885448916435,0.30317068099975586,100 ordered iterations
ogbn-products,y,False,no-split,24490,3977,0.8058991003287098,20821,215,242,0.5162058698426203,0.29908132553100586,100 ordered iterations
ogbn-products,y,False,no-split,24490,4127,0.7959755834843936,20754,204,255,0.20932840744161427,0.29627418518066406,100 ordered iterations
ogbn-products,y,False,no-split,24490,3945,0.7999792529871651,20858,221,276,0.6368645026005797,0.2918858528137207,100 ordered iterations
ogbn-products,y,False,no-split,24490,4042,0.8073506260005674,20777,392,469,0.6910304778926243,0.3749103546142578,100 ordered iterations
ogbn-products,y,False,no-split,24490,3904,0.7952904136000803,20872,307,340,0.41737300318570225,0.30744028091430664,100 ordered iterations
ogbn-products,y,False,no-split,24490,3725,0.8211199313098044,21038,143,179,0.5768797838811345,0.30234861373901367,100 ordered iterations
ogbn-products,y,False,no-split,24490,3759,0.8169057988187677,20991,64,71,0.37028824833702834,0.29748988151550293,100 ordered iterations
ogbn-products,y,False,no-split,24490,3813,0.8010769723939216,20950,215,239,0.666153627274726,0.2939164638519287,100 ordered iterations
ogbn-products,y,False,no-split,24490,4096,0.8070829541534509,20759,440,536,0.6924985657582358,0.2894778251647949,100 ordered iterations
ogbn-products,y,False,no-split,24490,3830,0.8048324817397122,20948,128,151,0.5352532897836124,0.2933189868927002,100 ordered iterations
ogbn-products,y,False,no-split,24490,3833,0.8236108062043915,20956,116,141,0.19321548993562998,0.2879636287689209,100 ordered iterations
ogbn-products,y,False,no-split,24490,4021,0.7967673789865041,20805,122,152,0.13229089103996058,0.2935659885406494,100 ordered iterations
ogbn-products,y,False,no-split,24490,3744,0.8222353753311138,21051,104,131,0.317161186848436,0.2894136905670166,100 ordered iterations
ogbn-products,y,False,no-split,24490,3847,0.8055303353741371,20965,194,236,0.5161809928247179,0.29297423362731934,100 ordered iterations
ogbn-products,y,False,no-split,24490,3686,0.7944580320869091,21039,79,89,0.2795238095238096,0.37208127975463867,100 ordered iterations
ogbn-products,y,False,no-split,24490,3782,0.8191582734972208,20965,113,128,0.5015576323987538,0.3042714595794678,100 ordered iterations
ogbn-products,y,False,no-split,24490,3771,0.8172061457918114,21029,111,132,0.3823814133591479,0.3030054569244385,100 ordered iterations
ogbn-products,y,False,no-split,24490,3836,0.8156738450526059,20962,168,229,0.5438787850046238,0.30066800117492676,100 ordered iterations
ogbn-products,y,False,no-split,24490,3779,0.8004733939005788,21009,236,265,0.4961657899740161,0.29859495162963867,100 ordered iterations
ogbn-products,y,False,no-split,24490,3924,0.8149446960317123,20889,130,160,0.20859417265631072,0.2937448024749756,100 ordered iterations
ogbn-products,y,False,no-split,24490,3758,0.816413105047157,20994,129,146,0.6882173936255406,0.28986430168151855,100 ordered iterations
ogbn-products,y,False,no-split,24490,3975,0.7889667622070115,20843,258,294,0.6449223065026881,0.29540538787841797,100 ordered iterations
ogbn-products,y,False,no-split,24490,3661,0.8069388308395501,21066,155,176,0.4244708874557182,0.2890183925628662,100 ordered iterations
ogbn-products,y,False,no-split,24490,3661,0.8102566034245108,21103,208,245,0.4586489898989899,0.2942965030670166,100 ordered iterations
ogbn-products,y,False,no-split,24490,3867,0.8118205104009285,20942,138,202,0.08330632090761904,0.3718857765197754,100 ordered iterations
ogbn-products,y,False,no-split,24490,6100,0.8010055731284745,18974,523,606,0.7013064799910157,0.5229518413543701,100 random2 iterations
ogbn-products,y,False,no-split,24490,6065,0.7928832947541815,19030,582,669,0.7392317774074644,0.2762317657470703,100 random2 iterations
ogbn-products,y,False,no-split,24490,6149,0.7922110107734041,18998,625,742,0.7112565761269886,0.40281081199645996,100 random2 iterations
ogbn-products,y,False,no-split,24490,5999,0.7943529277440644,19121,467,549,0.5947056457958142,0.3993082046508789,100 random2 iterations
ogbn-products,y,False,no-split,24490,6081,0.7957444533189857,19055,740,869,0.6654017500940637,0.39926671981811523,100 random2 iterations
ogbn-products,y,False,no-split,24490,5915,0.8023744214248214,19144,803,924,0.7000007761143061,0.39380550384521484,100 random2 iterations
ogbn-products,y,False,no-split,24490,6230,0.7832506725840196,18928,365,450,0.4832994315913539,0.3985617160797119,100 random2 iterations
ogbn-products,y,False,no-split,24490,6107,0.8003108999561559,19032,349,413,0.8031521082901718,0.3986649513244629,100 random2 iterations
ogbn-products,y,False,no-split,24490,6159,0.7925821842244624,18941,255,300,0.7067577887872796,0.3940701484680176,100 random2 iterations
ogbn-products,y,False,no-split,24490,6499,0.7810012691022994,18799,1386,1719,0.6721524128984918,0.4036834239959717,100 random2 iterations
ogbn-products,y,False,no-split,24490,6070,0.7940533640525221,19051,314,359,0.5934678308549632,0.3797123432159424,100 random2 iterations
ogbn-products,y,False,no-split,24490,6192,0.7998282346944511,18919,315,365,0.7361100702266383,0.387249231338501,100 random2 iterations
ogbn-products,y,False,no-split,24490,6062,0.7737044749283377,19081,436,487,0.6220074241912935,0.38849854469299316,100 random2 iterations
ogbn-products,y,False,no-split,24490,5961,0.7921749432752073,19069,533,598,0.5758570977018143,0.386655330657959,100 random2 iterations
ogbn-products,y,False,no-split,24490,5738,0.8026839966763339,19308,160,177,0.49536707056308155,0.378831148147583,100 random2 iterations
ogbn-products,y,False,no-split,24490,6062,0.7932581157330065,19103,772,937,0.6365404576018774,0.3815593719482422,100 random2 iterations
ogbn-products,y,False,no-split,24490,6500,0.774264125493869,18786,734,895,0.5322531548448882,0.3894798755645752,100 random2 iterations
ogbn-products,y,False,no-split,24490,6076,0.7946120564393435,19102,298,355,0.6469600379027756,0.3841428756713867,100 random2 iterations
ogbn-products,y,False,no-split,24490,6488,0.7795000342171855,18703,833,1017,0.6309502912439993,0.3865938186645508,100 random2 iterations
ogbn-products,y,False,no-split,24490,6263,0.790138094129461,18890,1063,1234,0.7081635088294365,0.3868546485900879,100 random2 iterations
ogbn-products,y,False,no-split,24490,6059,0.7986176486599553,19027,483,548,0.7046264410839946,0.3794689178466797,100 random2 iterations
ogbn-products,y,False,no-split,24490,6163,0.8010548403382646,19025,541,663,0.6731928044484813,0.3768751621246338,100 random2 iterations
ogbn-products,y,False,no-split,24490,6199,0.7932323486606918,18949,653,827,0.6602778069222329,0.3897871971130371,100 random2 iterations
ogbn-products,y,False,no-split,24490,6199,0.797596498379793,18986,876,1046,0.6525853168972083,0.38923096656799316,100 random2 iterations
ogbn-products,y,False,no-split,24490,6330,0.7777460981673363,18910,624,776,0.6943073609487502,0.38654494285583496,100 random2 iterations
ogbn-products,y,False,no-split,24490,5961,0.7763803836823224,19125,888,1009,0.6082763975579814,0.3930168151855469,100 random2 iterations
ogbn-products,y,False,no-split,24490,6388,0.7881397857206891,18820,1102,1347,0.6354563863918644,0.3954498767852783,100 random2 iterations
ogbn-products,y,False,no-split,24490,6257,0.7838492323959169,18908,533,639,0.6361203251569553,0.5231959819793701,100 random2 iterations
ogbn-products,y,False,no-split,24490,6654,0.7852442896882296,18645,1620,1999,0.7092393789316933,0.2857203483581543,100 random2 iterations
ogbn-products,y,False,no-split,24490,6245,0.798611220301523,18950,852,1021,0.6486123231836325,0.40203261375427246,100 random2 iterations
ogbn-products,y,False,no-split,24490,6178,0.7930355088102715,18895,331,366,0.5633888089119702,0.39516735076904297,100 random2 iterations
ogbn-products,y,False,no-split,24490,6041,0.7866324913114165,19072,888,1042,0.6534265298777556,0.4010143280029297,100 random2 iterations
ogbn-products,y,False,no-split,24490,6057,0.8000088452798227,19074,336,412,0.612945652684485,0.39249682426452637,100 random2 iterations
ogbn-products,y,False,no-split,24490,5938,0.7981602214823822,19195,924,1063,0.7596565338069482,0.3975088596343994,100 random2 iterations
ogbn-products,y,False,no-split,24490,6181,0.8040248453042563,19001,308,363,0.6332663016809229,0.38416576385498047,100 random2 iterations
ogbn-products,y,False,no-split,24490,6039,0.8059766068572828,19097,446,541,0.6535262345679013,0.39759325981140137,100 random2 iterations
ogbn-products,y,False,no-split,24490,6371,0.7768097803960433,18817,939,1089,0.6362722514248896,0.3975071907043457,100 random2 iterations
ogbn-products,y,False,no-split,24490,6241,0.7974977017273251,18876,216,253,0.66206486437034,0.3892529010772705,100 random2 iterations
ogbn-products,y,False,no-split,24490,6030,0.8003457887148359,19018,626,726,0.6544956001360989,0.3908097743988037,100 random2 iterations
ogbn-products,y,False,no-split,24490,6314,0.7849122770368542,18905,828,997,0.6388160993104781,0.5241715908050537,100 random2 iterations
ogbn-products,y,False,no-split,24490,5792,0.7826685619393988,19303,796,941,0.6684504010775346,0.41244029998779297,100 random2 iterations
ogbn-products,y,False,no-split,24490,6004,0.7992869144125264,19097,811,963,0.7050978778430448,0.41327738761901855,100 random2 iterations
ogbn-products,y,False,no-split,24490,6716,0.7975745154735295,18616,1469,1781,0.7044047745372525,0.28339266777038574,100 random2 iterations
ogbn-products,y,False,no-split,24490,6246,0.7806146780105503,18909,818,974,0.623061435748407,0.40073609352111816,100 random2 iterations
ogbn-products,y,False,no-split,24490,6310,0.7906894197429001,18924,755,864,0.6666290261665057,0.39953160285949707,100 random2 iterations
ogbn-products,y,False,no-split,24490,6314,0.7896468683326199,18868,369,434,0.6861767281816962,0.3947291374206543,100 random2 iterations
ogbn-products,y,False,no-split,24490,6244,0.7903108151321396,18972,716,974,0.6671427954658917,0.39623451232910156,100 random2 iterations
ogbn-products,y,False,no-split,24490,6360,0.778466392291801,18814,480,563,0.6179999046420962,0.3901560306549072,100 random2 iterations
ogbn-products,y,False,no-split,24490,6085,0.7931339360660214,19022,374,435,0.5411478737963955,0.3880615234375,100 random2 iterations
ogbn-products,y,False,no-split,24490,6195,0.7884997674356597,18954,368,455,0.5849210553901335,0.39802098274230957,100 random2 iterations
ogbn-products,y,False,no-split,24490,6391,0.7964607668068516,18893,707,923,0.6372105905992116,0.40365052223205566,100 random2 iterations
ogbn-products,y,False,no-split,24490,5944,0.7929212956165544,19109,390,458,0.6703220644461118,0.400040864944458,100 random2 iterations
ogbn-products,y,False,no-split,24490,6155,0.7973142412885437,18919,365,439,0.674845892865676,0.3960998058319092,100 random2 iterations
ogbn-products,y,False,no-split,24490,6144,0.784823373636395,18973,800,946,0.6874484649041355,0.39946460723876953,100 random2 iterations
ogbn-products,y,False,no-split,24490,6259,0.8019856817436374,18871,236,274,0.5977851414508835,0.38921236991882324,100 random2 iterations
ogbn-products,y,False,no-split,24490,6001,0.7965738485021105,19155,609,718,0.7176669867892712,0.5285823345184326,100 random2 iterations
ogbn-products,y,False,no-split,24490,6045,0.7960751076793124,19109,952,1181,0.692854331262125,0.2827777862548828,100 random2 iterations
ogbn-products,y,False,no-split,24490,5973,0.8075831334674644,19082,872,986,0.6623297372617182,0.4080171585083008,100 random2 iterations
ogbn-products,y,False,no-split,24490,6273,0.7841230437466677,18931,1127,1369,0.6198535055358043,0.40676164627075195,100 random2 iterations
ogbn-products,y,False,no-split,24490,5990,0.8010541357805835,19138,596,708,0.7108244907263935,0.3987717628479004,100 random2 iterations
ogbn-products,y,False,no-split,24490,6317,0.7845113456963548,18807,1090,1272,0.6697650836005481,0.3998541831970215,100 random2 iterations
ogbn-products,y,False,no-split,24490,6158,0.7968087749192837,18991,815,987,0.678097994904739,0.41635990142822266,100 random2 iterations
ogbn-products,y,False,no-split,24490,6285,0.7742211497434004,18910,779,952,0.6581522539935687,0.27904462814331055,100 random2 iterations
ogbn-products,y,False,no-split,24490,6215,0.7921274745073681,18925,911,1076,0.6838533619088063,0.40666675567626953,100 random2 iterations
ogbn-products,y,False,no-split,24490,6403,0.7801509402866832,18842,770,917,0.6495703801119693,0.401170015335083,100 random2 iterations
ogbn-products,y,False,no-split,24490,6201,0.8065627721533422,18925,1065,1246,0.6773156177222178,0.40186524391174316,100 random2 iterations
ogbn-products,y,False,no-split,24490,6348,0.7893572391632744,18893,473,573,0.746796770390292,0.39255523681640625,100 random2 iterations
ogbn-products,y,False,no-split,24490,6151,0.7864872954057981,18998,909,1056,0.5733308288551112,0.4157850742340088,100 random2 iterations
ogbn-products,y,False,no-split,24490,6166,0.783984260736876,18922,252,286,0.464611029518077,0.2723984718322754,100 random2 iterations
ogbn-products,y,False,no-split,24490,6245,0.7755644211745417,18927,758,951,0.5975953052358813,0.40444469451904297,100 random2 iterations
ogbn-products,y,False,no-split,24490,6250,0.791780857382397,18912,674,793,0.7219784022821184,0.400127649307251,100 random2 iterations
ogbn-products,y,False,no-split,24490,6081,0.7927587539751898,19041,249,282,0.5962321024868124,0.39397430419921875,100 random2 iterations
ogbn-products,y,False,no-split,24490,6428,0.791713841387431,18790,421,491,0.7097460047788658,0.39298582077026367,100 random2 iterations
ogbn-products,y,False,no-split,24490,6088,0.8111852762398998,19033,609,706,0.6735350695472031,0.4130828380584717,100 random2 iterations
ogbn-products,y,False,no-split,24490,5936,0.783240880835938,19166,213,252,0.6228754676643505,0.27401232719421387,100 random2 iterations
ogbn-products,y,False,no-split,24490,6016,0.789374773292195,19040,358,429,0.5741208095224282,0.4005753993988037,100 random2 iterations
ogbn-products,y,False,no-split,24490,6356,0.780832334130221,18820,507,613,0.5841847936505857,0.3996891975402832,100 random2 iterations
ogbn-products,y,False,no-split,24490,6447,0.7799842270882162,18827,862,1045,0.6631693268827071,0.40470075607299805,100 random2 iterations
ogbn-products,y,False,no-split,24490,6014,0.7859384731975997,19058,853,983,0.6913521822562009,0.4046506881713867,100 random2 iterations
ogbn-products,y,False,no-split,24490,6265,0.7971110380299488,18901,697,831,0.6577354764716847,0.3975083827972412,100 random2 iterations
ogbn-products,y,False,no-split,24490,6269,0.7813757110034827,18870,473,580,0.6380745289303024,0.3925623893737793,100 random2 iterations
ogbn-products,y,False,no-split,24490,6022,0.8157026515580289,19135,359,420,0.6382149286037702,0.38759422302246094,100 random2 iterations
ogbn-products,y,False,no-split,24490,6481,0.7897806336795612,18809,853,1041,0.640285108233093,0.40065956115722656,100 random2 iterations
ogbn-products,y,False,no-split,24490,6234,0.7887975364715929,18921,208,238,0.6153123922938878,0.39157986640930176,100 random2 iterations
ogbn-products,y,False,no-split,24490,6311,0.7753929819748332,18882,816,937,0.67221518939556,0.3970828056335449,100 random2 iterations
ogbn-products,y,False,no-split,24490,6155,0.7840398290828784,18984,1051,1245,0.6529413840637288,0.3972816467285156,100 random2 iterations
ogbn-products,y,False,no-split,24490,6196,0.7865091597477397,19009,421,593,0.5426834566756941,0.3862323760986328,100 random2 iterations
ogbn-products,y,False,no-split,24490,6000,0.7650437729006463,19065,842,952,0.5595057231792472,0.40105342864990234,100 random2 iterations
ogbn-products,y,False,no-split,24490,6196,0.7933800769974768,18962,640,747,0.7161746862759094,0.3945150375366211,100 random2 iterations
ogbn-products,y,False,no-split,24490,6310,0.7999288650989796,18924,901,1074,0.7298173711566399,0.39504408836364746,100 random2 iterations
ogbn-products,y,False,no-split,24490,6300,0.794223021953432,18909,214,285,0.4093370698433009,0.3855605125427246,100 random2 iterations
ogbn-products,y,False,no-split,24490,5880,0.7902750089980677,19196,366,405,0.6471530549154069,0.40054845809936523,100 random2 iterations
ogbn-products,y,False,no-split,24490,6226,0.7827716020910327,18939,883,1034,0.6367212452657566,0.4041287899017334,100 random2 iterations
ogbn-products,y,False,no-split,24490,6151,0.78240274630304,18973,439,510,0.6769402153731897,0.39583802223205566,100 random2 iterations
ogbn-products,y,False,no-split,24490,6023,0.7979585349060937,19071,186,227,0.4749176382625764,0.38970184326171875,100 random2 iterations
ogbn-products,y,False,no-split,24490,6233,0.8032630745486048,18958,485,574,0.622793478334131,0.391693115234375,100 random2 iterations
ogbn-products,y,False,no-split,24490,6147,0.795329695080719,18987,177,219,0.4822270859911751,0.51692795753479,100 random2 iterations
ogbn-products,y,False,no-split,24490,6067,0.8001569190552901,19042,269,322,0.6892173126225307,0.2718391418457031,100 random2 iterations
ogbn-products,y,False,no-split,24490,6555,0.7771719079095482,18737,672,820,0.6650590986715772,0.4038121700286865,100 random2 iterations
ogbn-products,y,False,no-split,24490,6130,0.8143892082318548,19031,387,440,0.6314169686595161,0.3981449604034424,100 random2 iterations
